oriX,oriY,oriZ,accelX,accelY,accelZ,gyroX,gyroY,gyroZ,altitude,positionX,rwValue,batteryVoltage,systemState,cameraState,reactionWheelState,onTimeSec,flightTimeSec,pressure,imuTemp,baroTemp,GPSSats,latitude,longitude
0.00,65.13,24.67,-0.52,4.23,9.18,0.96,-1.79,0.51,11.39,-0.06,0.00,7.74,1,0,1,53.23,0,1011.98,40.1,43.2,12.00,44.5983,11.6554
0.00,64.79,24.99,-0.55,4.26,9.12,0.89,-1.77,0.52,12.25,-0.06,0.00,7.75,1,0,1,54.23,0,1011.89,40.2,43.3,12.00,44.5983,11.6554
0.00,65.05,24.71,-0.57,4.22,9.15,0.93,-1.75,0.44,11.76,-0.06,0.00,7.75,1,0,1,55.23,0,1011.94,40.3,43.5,12.00,44.5983,11.6554
0.00,65.56,24.25,-0.51,4.13,9.15,1.14,-1.91,0.49,12.33,-0.06,0.00,7.74,1,0,1,56.23,0,1011.88,40.5,43.6,12.00,44.5983,11.6554
0.00,65.34,24.49,-0.48,4.17,9.15,1.07,-2.03,0.54,12.26,-0.05,0.00,7.69,1,0,1,57.23,0,1011.89,40.5,43.6,12.00,44.5983,11.6554
0.00,65.01,24.77,-0.54,4.20,9.09,0.82,-1.79,0.52,12.99,-0.05,0.00,7.69,1,0,1,59.24,0,1011.81,40.7,43.8,12.00,44.5983,11.6554
0.00,65.16,24.61,-0.56,4.22,9.19,0.02,-1.86,0.47,12.67,-0.05,0.00,7.68,1,0,1,60.24,0,1011.85,40.8,43.9,12.00,44.5983,11.6554
0.00,65.26,24.50,-0.57,4.20,9.19,0.93,-1.94,0.52,12.92,-0.05,0.00,7.75,1,0,1,61.24,0,1011.82,40.8,43.9,11.00,44.5983,11.6554
0.00,65.10,24.67,-0.56,4.20,9.13,-0.30,-1.94,0.40,12.84,-0.05,0.00,7.74,1,0,1,62.25,0,1011.83,40.8,44.0,11.00,44.5983,11.6554
0.00,64.90,24.89,-0.55,4.25,9.15,0.73,-1.75,0.47,13.56,-0.04,0.00,7.68,1,0,1,63.25,0,1011.75,40.9,44.0,11.00,44.5983,11.6554
0.00,65.03,24.75,-0.54,4.23,9.15,0.75,-1.75,0.49,12.70,-0.04,0.00,7.72,1,0,1,64.25,0,1011.85,41.0,44.1,11.00,44.5983,11.6554
0.00,65.00,24.78,-0.54,4.22,9.12,1.33,-1.89,0.60,13.40,-0.04,0.00,7.70,1,0,1,66.25,0,1011.77,41.1,44.3,12.00,44.5983,11.6554
0.00,65.17,24.62,-0.54,4.18,9.10,0.47,-1.70,0.49,12.21,-0.03,0.00,7.67,1,0,1,69.26,0,1011.90,41.2,44.4,12.00,44.5983,11.6554
0.00,64.79,24.97,-0.57,4.28,9.17,0.88,-1.91,0.56,13.55,-0.03,0.00,7.68,1,0,1,70.26,0,1011.75,41.3,44.5,12.00,44.5983,11.6554
0.00,66.15,23.62,-0.55,4.06,9.27,-0.98,-1.73,0.42,13.52,-0.03,0.00,7.70,1,0,1,71.27,0,1011.76,41.4,44.6,12.00,44.5983,11.6554
0.00,65.20,24.57,-0.56,4.22,9.20,-0.25,-2.19,0.61,12.82,-0.03,0.00,7.70,1,0,1,72.27,0,1011.84,41.4,44.7,12.00,44.5983,11.6554
0.00,65.13,24.63,-0.57,4.22,9.18,1.63,-1.80,0.68,12.98,-0.03,0.00,7.67,1,0,1,73.27,0,1011.82,41.6,44.8,12.00,44.5983,11.6554
0.00,64.68,25.10,-0.55,4.29,9.15,-0.33,-1.59,0.40,13.32,-0.03,0.00,7.68,1,0,1,74.27,0,1011.78,41.6,44.8,12.00,44.5983,11.6554
0.00,65.35,24.46,-0.51,4.16,9.14,1.56,-1.70,0.61,13.27,-0.03,0.00,7.69,1,0,1,75.27,0,1011.79,41.7,44.9,12.00,44.5983,11.6554
0.00,64.48,25.35,-0.46,4.22,8.90,1.19,-1.75,0.17,12.67,-0.03,0.00,7.68,1,0,1,76.28,0,1011.85,41.7,44.9,12.00,44.5983,11.6554
0.00,65.14,24.66,-0.52,4.19,9.11,0.77,-1.82,0.45,12.75,-0.03,0.00,7.75,1,0,1,77.28,0,1011.84,41.7,45.0,12.00,44.5983,11.6554
0.00,64.84,24.94,-0.55,4.24,9.11,1.52,-1.73,0.56,12.72,-0.03,0.00,7.70,1,0,1,78.28,0,1011.85,41.7,45.0,12.00,44.5983,11.6554
0.00,64.86,24.92,-0.55,4.24,9.10,0.65,-1.75,0.45,13.00,-0.03,0.00,7.68,1,0,1,79.29,0,1011.82,41.8,45.1,12.00,44.5983,11.6554
0.00,65.18,24.61,-0.53,4.19,9.14,0.56,-1.77,0.54,13.06,-0.03,0.00,7.68,1,0,1,80.29,0,1011.81,41.9,45.1,12.00,44.5983,11.6554
0.00,64.86,24.91,-0.55,4.24,9.10,1.38,-1.80,0.47,13.00,-0.03,0.00,7.68,1,0,1,82.29,0,1011.82,41.9,45.2,12.00,44.5983,11.6554
0.00,64.89,24.89,-0.54,4.21,9.06,0.65,-1.77,0.49,12.99,-0.03,0.00,7.79,1,0,1,83.29,0,1011.82,41.8,45.1,11.00,44.5983,11.6554
0.00,64.51,25.28,-0.54,4.30,9.08,0.98,-1.87,0.56,12.99,-0.03,0.00,7.73,1,0,1,84.30,0,1011.82,41.8,45.1,11.00,44.5983,11.6554
0.00,64.76,25.02,-0.55,4.24,9.08,0.52,-1.80,0.47,12.41,-0.03,0.00,7.68,1,0,1,85.30,0,1011.88,41.8,45.1,12.00,44.5983,11.6554
0.00,64.61,25.16,-0.56,4.22,8.97,1.19,-1.63,0.47,13.18,-0.03,0.00,7.72,1,0,1,86.30,0,1011.80,41.7,45.1,12.00,44.5983,11.6554
0.00,65.30,24.47,-0.55,4.16,9.12,1.45,-1.84,0.63,12.87,-0.03,0.00,7.75,1,0,1,87.30,0,1011.83,41.8,45.1,12.00,44.5983,11.6554
0.00,61.78,28.18,-0.20,4.17,7.79,-0.67,-1.65,0.42,13.57,-0.03,0.00,7.72,1,0,1,88.31,0,1011.76,41.9,45.3,12.00,44.5983,11.6554
0.00,64.65,25.14,-0.53,4.24,9.01,0.30,-1.79,0.47,13.12,-0.03,0.00,7.74,1,0,1,89.31,0,1011.80,41.8,45.2,12.00,44.5983,11.6554
0.00,64.82,24.95,-0.56,4.24,9.10,1.19,-1.80,0.52,13.11,-0.03,0.00,7.74,1,0,1,90.31,0,1011.81,42.0,45.3,12.00,44.5983,11.6554
0.00,64.36,25.45,-0.50,4.26,8.93,0.93,-1.77,0.49,12.62,-0.03,0.00,7.72,1,0,1,91.32,0,1011.86,41.9,45.3,12.00,44.5983,11.6554
0.00,64.50,25.29,-0.53,4.25,8.99,0.23,-1.73,0.51,12.39,-0.03,0.00,7.69,1,0,1,92.32,0,1011.88,41.9,45.2,12.00,44.5983,11.6554
0.00,64.74,25.04,-0.55,4.23,9.04,0.86,-1.72,0.58,12.43,-0.03,0.00,7.70,1,0,1,93.32,0,1011.88,41.9,45.3,12.00,44.5983,11.6554
0.00,64.63,25.14,-0.56,4.25,9.04,0.58,-1.75,0.58,13.59,-0.03,0.00,7.74,1,0,1,94.32,0,1011.75,42.0,45.4,12.00,44.5983,11.6554
0.00,64.86,24.94,-0.53,4.23,9.08,1.21,-1.61,0.49,13.57,-0.04,0.00,7.74,1,0,1,95.32,0,1011.76,42.0,45.5,12.00,44.5983,11.6554
0.00,64.73,25.04,-0.56,4.25,9.08,0.86,-1.65,0.40,13.39,-0.04,0.00,7.73,1,0,1,96.33,0,1011.78,42.0,45.5,12.00,44.5983,11.6554
0.00,64.36,25.42,-0.55,4.28,9.00,0.56,-1.89,0.56,13.57,-0.04,0.00,7.69,1,0,1,97.33,0,1011.76,42.1,45.5,12.00,44.5983,11.6554
0.00,65.65,24.12,-0.55,4.09,9.11,-0.19,-1.72,0.45,13.93,-0.04,0.00,7.67,1,0,1,98.33,0,1011.72,42.2,45.5,12.00,44.5983,11.6554
0.00,65.42,24.33,-0.57,4.14,9.14,0.26,-1.73,0.44,13.88,-0.04,0.00,7.74,1,0,1,99.33,0,1011.72,42.2,45.6,13.00,44.5983,11.6554
0.00,64.51,25.28,-0.54,4.29,9.06,1.40,-1.77,0.60,13.79,-0.04,0.00,7.74,1,0,1,100.34,0,1011.73,42.3,45.7,13.00,44.5983,11.6554
0.00,66.11,23.69,-0.51,3.99,9.07,-9.20,-1.94,0.09,13.55,-0.04,0.00,7.75,1,0,1,101.34,0,1011.76,42.2,45.6,13.00,44.5983,11.6554
0.00,64.68,25.09,-0.56,4.22,9.00,0.84,-1.79,0.52,13.78,-0.04,0.00,7.73,1,0,1,102.34,0,1011.73,42.3,45.7,13.00,44.5983,11.6554
0.00,64.84,24.93,-0.56,4.23,9.07,0.94,-1.63,0.49,13.28,-0.04,0.00,7.72,1,0,1,103.34,0,1011.79,42.4,45.8,13.00,44.5983,11.6554
0.00,64.48,25.28,-0.57,4.27,9.02,1.05,-1.89,0.54,12.95,-0.04,0.00,7.70,1,0,1,104.35,0,1011.83,42.4,45.8,13.00,44.5983,11.6554
0.00,64.69,25.09,-0.54,4.25,9.07,0.65,-1.73,0.58,12.79,-0.04,0.00,7.68,1,0,1,105.35,0,1011.84,42.4,45.8,13.00,44.5983,11.6554
0.00,64.84,24.93,-0.56,4.23,9.08,0.86,-1.70,0.52,13.15,-0.05,0.00,7.65,1,0,1,108.36,0,1011.80,42.5,45.8,13.00,44.5983,11.6554
0.00,64.77,25.01,-0.54,4.22,9.02,0.65,-1.72,0.60,13.36,-0.05,0.00,7.68,1,0,1,109.36,0,1011.78,42.4,45.8,13.00,44.5983,11.6554
0.00,64.33,25.44,-0.56,4.28,8.99,1.30,-1.70,0.60,13.55,-0.05,0.00,7.74,1,0,1,110.37,0,1011.76,42.5,45.8,13.00,44.5983,11.6554
0.00,64.63,25.17,-0.53,4.25,9.04,0.40,-1.73,0.45,12.57,-0.05,0.00,7.73,1,0,1,111.37,0,1011.87,42.5,45.8,13.00,44.5983,11.6554
0.00,64.87,24.88,-0.57,4.19,9.02,0.44,-1.68,0.54,13.25,-0.05,0.00,7.73,1,0,1,112.37,0,1011.79,42.5,45.8,13.00,44.5983,11.6554
0.00,64.69,25.09,-0.55,4.24,9.04,1.09,-1.72,0.60,14.59,-0.05,0.00,7.73,1,0,1,113.37,0,1011.65,42.6,45.9,13.00,44.5983,11.6554
0.00,64.56,25.22,-0.54,4.25,9.02,0.91,-1.73,0.49,13.27,-0.05,0.00,7.77,1,0,1,114.37,0,1011.79,42.6,45.9,13.00,44.5983,11.6554
0.00,64.78,24.99,-0.55,4.23,9.06,0.67,-1.68,0.56,13.86,-0.05,0.00,7.72,1,0,1,115.38,0,1011.73,42.6,45.9,13.00,44.5983,11.6554
0.00,64.86,24.89,-0.57,4.23,9.09,0.75,-1.80,0.51,13.73,-0.05,0.00,7.67,1,0,1,116.38,0,1011.74,42.7,46.0,13.00,44.5983,11.6554
0.00,64.90,24.87,-0.56,4.21,9.06,0.67,-1.80,0.47,13.38,-0.05,0.00,7.65,1,0,1,117.38,0,1011.78,42.7,46.0,13.00,44.5983,11.6554
0.00,64.60,25.19,-0.54,4.26,9.04,0.91,-1.75,0.56,13.83,-0.05,0.00,7.72,1,0,1,118.39,0,1011.73,42.7,46.1,13.00,44.5983,11.6554
0.00,64.85,24.93,-0.54,4.22,9.05,0.72,-1.72,0.54,13.13,-0.04,0.00,7.75,1,0,1,119.39,0,1011.81,42.6,46.1,13.00,44.5983,11.6554
0.00,64.42,25.35,-0.56,4.25,8.95,0.60,-1.63,0.52,13.54,-0.04,0.00,7.74,1,0,1,120.39,0,1011.76,42.6,46.0,13.00,44.5983,11.6554
0.00,64.62,25.15,-0.56,4.23,8.99,2.29,-1.75,0.60,13.17,-0.04,0.00,7.69,1,0,1,121.40,0,1011.80,42.6,46.0,13.00,44.5983,11.6554
0.00,64.73,25.03,-0.57,4.24,9.06,0.68,-1.70,0.52,13.62,-0.04,0.00,7.68,1,0,1,122.40,0,1011.76,42.8,46.2,13.00,44.5983,11.6554
0.00,65.20,24.59,-0.54,4.16,9.07,0.63,-1.65,0.52,14.10,-0.04,0.00,7.70,1,0,1,123.40,0,1011.70,42.8,46.2,13.00,44.5983,11.6554
0.00,64.71,25.03,-0.58,4.20,8.98,0.33,-1.73,0.54,14.01,-0.04,0.00,7.74,1,0,1,124.40,0,1011.71,42.7,46.1,13.00,44.5983,11.6554
0.00,65.89,23.86,-0.56,4.02,9.06,-3.06,-1.75,0.42,14.58,-0.04,0.00,7.75,1,0,1,125.41,0,1011.65,42.7,46.1,13.00,44.5983,11.6554
0.00,69.67,19.96,-0.65,3.41,9.38,10.83,-1.84,0.72,14.61,-0.04,0.00,7.65,1,0,1,126.41,0,1011.65,42.7,46.1,13.00,44.5983,11.6554
0.00,65.17,24.61,-0.54,4.13,8.99,0.28,-1.56,0.56,13.88,-0.04,0.00,7.72,1,0,1,127.41,0,1011.73,42.8,46.2,13.00,44.5983,11.6554
0.00,64.82,24.97,-0.54,4.23,9.07,-1.89,-1.72,0.44,13.75,-0.04,0.00,7.74,1,0,1,128.41,0,1011.74,42.8,46.3,13.00,44.5983,11.6554
0.00,68.61,21.14,-0.54,3.59,9.28,2.59,-1.79,0.45,14.03,-0.04,0.00,7.74,1,0,1,129.41,0,1011.71,42.9,46.3,13.00,44.5983,11.6554
0.00,61.80,28.01,-0.53,4.74,8.89,3.99,-1.80,0.63,14.11,-0.04,0.00,7.74,1,0,1,130.42,0,1011.70,42.9,46.4,13.00,44.5983,11.6554
0.00,61.35,28.43,-0.57,4.77,8.80,8.68,-1.65,0.72,13.44,-0.04,0.00,7.73,1,0,1,132.42,0,1011.78,42.9,46.4,13.00,44.5983,11.6554
0.00,49.33,40.59,-0.37,6.72,7.84,18.04,-1.82,1.26,13.84,-0.04,0.00,7.70,1,0,1,133.43,0,1011.73,43.0,46.5,13.00,44.5983,11.6554
0.00,63.65,26.24,-0.40,4.50,9.12,-0.25,-1.50,0.75,14.74,-0.04,0.00,7.68,1,0,1,134.43,0,1011.64,43.0,46.5,13.00,44.5983,11.6554
0.00,58.96,30.85,-0.52,5.06,8.45,-1.09,-1.61,0.49,13.42,-0.04,0.00,7.70,1,0,1,135.43,0,1011.78,43.0,46.4,12.00,44.5983,11.6554
0.00,63.88,25.87,-0.59,4.37,8.99,18.83,-1.58,1.31,14.10,-0.04,0.00,7.77,1,0,1,136.43,0,1011.70,43.0,46.4,12.00,44.5983,11.6554
0.00,64.34,25.40,-0.59,4.29,9.02,-3.13,-1.70,0.21,14.06,-0.04,0.00,7.70,1,0,1,137.43,0,1011.71,43.0,46.5,12.00,44.5983,11.6553
0.00,68.40,21.38,-0.52,3.66,9.33,-3.29,-1.63,0.40,13.84,-0.04,0.00,7.72,1,0,1,138.44,0,1011.73,43.0,46.5,12.00,44.5983,11.6553
0.00,53.07,36.78,-0.50,6.00,8.01,2.40,-1.73,0.67,12.97,-0.04,0.00,7.72,1,0,1,139.44,0,1011.83,43.1,46.6,13.00,44.5983,11.6553
0.00,58.37,31.50,-0.45,5.22,8.50,13.23,-1.68,1.19,14.13,-0.04,0.00,7.74,1,0,1,140.44,0,1011.70,43.1,46.6,13.00,44.5983,11.6553
0.00,45.83,44.11,-0.35,7.35,7.57,2.43,-1.98,0.77,14.22,-0.04,0.00,7.73,1,0,1,141.44,0,1011.69,43.2,46.7,13.00,44.5983,11.6553
0.00,52.98,36.86,-0.52,5.97,7.95,-5.13,-1.73,0.23,14.33,-0.04,0.00,7.77,1,0,1,142.45,0,1011.68,43.2,46.6,13.00,44.5983,11.6553
0.00,59.58,30.27,-0.47,5.06,8.66,1.03,-1.75,0.45,13.20,-0.04,0.00,7.68,1,0,1,143.45,0,1011.80,43.1,46.7,13.00,44.5983,11.6553
0.00,58.23,31.61,-0.50,5.26,8.54,0.09,-1.84,0.54,13.22,-0.04,0.00,7.75,1,0,1,144.45,0,1011.80,43.1,46.6,13.00,44.5983,11.6553
0.00,59.20,30.59,-0.56,5.02,8.47,28.09,-1.82,1.80,13.65,-0.04,0.00,7.75,1,0,1,145.46,0,1011.75,43.2,46.6,13.00,44.5983,11.6553
0.00,50.53,39.37,-0.40,6.25,7.60,-32.13,-1.93,-0.70,13.23,-0.04,0.00,7.68,1,0,1,146.46,0,1011.80,43.1,46.6,13.00,44.5983,11.6553
0.00,54.50,35.32,-0.55,5.74,8.09,-4.45,-1.84,0.33,13.55,-0.04,0.00,7.72,1,0,1,147.46,0,1011.76,43.0,46.6,13.00,44.5983,11.6553
0.00,67.04,22.78,-0.48,3.86,9.17,-21.14,-1.79,-0.72,14.23,-0.04,0.00,7.72,1,0,1,148.47,0,1011.69,43.0,46.5,13.00,44.5983,11.6553
0.00,68.17,21.43,-0.68,3.59,9.13,10.15,-1.82,0.96,13.19,-0.04,0.00,7.77,1,0,1,149.47,0,1011.80,43.1,46.6,13.00,44.5983,11.6553
0.00,55.12,33.75,-1.19,4.88,7.21,2.76,4.01,6.28,12.73,-0.04,0.00,7.70,1,0,1,150.47,0,1011.85,43.1,46.6,13.00,44.5983,11.6553
0.00,55.53,33.95,-0.91,5.54,8.17,-5.13,-1.80,0.33,11.37,-0.04,0.00,7.74,1,0,1,151.48,0,1012.00,43.1,46.5,13.00,44.5983,11.6553
0.00,52.59,35.89,-1.59,5.86,7.94,15.66,1.54,-0.12,11.34,-0.04,0.00,7.64,1,0,1,152.48,0,1012.00,43.2,46.7,13.00,44.5983,11.6553
0.00,53.18,36.13,-1.05,5.74,7.79,3.66,-2.54,0.72,11.89,-0.04,0.00,7.73,1,0,1,153.48,0,1011.94,43.2,46.6,13.00,44.5983,11.6553
0.00,54.21,35.30,-0.87,5.56,7.81,-1.56,-1.75,0.42,11.52,-0.04,0.00,7.73,1,0,1,154.48,0,1011.98,43.2,46.6,13.00,44.5983,11.6553
0.00,53.99,35.45,-0.93,5.64,7.86,-0.84,-1.45,0.42,11.49,-0.04,0.00,7.65,1,0,1,155.48,0,1011.99,43.3,46.8,13.00,44.5983,11.6554
0.00,56.10,32.85,-1.26,5.29,8.09,0.88,-1.42,0.49,11.33,-0.04,0.00,7.64,1,0,1,156.49,0,1012.01,43.4,46.9,13.00,44.5983,11.6554
0.00,55.76,33.69,-0.95,5.56,8.29,0.80,-1.73,0.54,11.40,-0.04,0.00,7.67,1,0,1,157.49,0,1012.00,43.5,47.0,13.00,44.5983,11.6554
0.00,55.62,33.85,-0.93,5.58,8.27,1.50,-1.84,0.67,11.46,-0.04,0.00,7.64,1,0,1,158.49,0,1011.99,43.5,47.0,13.00,44.5983,11.6554
0.00,53.27,36.38,-0.78,5.95,8.04,1.30,-1.79,0.75,10.92,-0.04,0.00,7.74,1,0,1,159.49,0,1012.05,43.6,47.1,13.00,44.5983,11.6554
0.00,54.65,34.92,-0.85,5.80,8.26,0.65,-1.86,0.73,10.50,-0.04,0.00,7.73,1,0,1,160.50,0,1012.10,43.6,47.1,13.00,44.5983,11.6554
0.00,59.96,28.95,-1.27,4.81,8.61,-18.59,-0.47,0.25,11.99,-0.04,0.00,7.67,1,0,1,161.50,0,1011.93,43.6,47.1,13.00,44.5983,11.6554
0.00,54.57,34.89,-0.93,5.66,8.06,0.28,-1.84,0.44,11.79,-0.04,0.00,7.73,1,0,1,162.50,0,1011.96,43.5,47.1,13.00,44.5983,11.6554
0.00,54.26,35.19,-0.96,5.78,8.14,0.84,-1.75,0.45,11.25,-0.04,0.00,7.64,1,0,1,163.50,0,1012.01,43.6,47.2,13.00,44.5983,11.6554
0.00,54.27,35.20,-0.94,5.80,8.17,0.93,-1.96,0.49,10.70,-0.04,0.00,7.74,1,0,1,165.50,0,1012.07,43.8,47.3,13.00,44.5983,11.6554
0.00,54.35,35.11,-0.94,5.75,8.12,0.70,-1.75,0.51,11.14,-0.04,0.00,7.75,1,0,1,166.51,0,1012.03,43.7,47.3,13.00,44.5983,11.6554
0.00,54.16,35.29,-0.96,5.79,8.13,0.93,-1.77,0.58,11.17,-0.04,0.00,7.68,1,0,1,167.51,0,1012.02,43.8,47.4,13.00,44.5983,11.6554
0.00,54.42,35.05,-0.93,5.74,8.13,0.79,-1.77,0.54,11.03,-0.04,0.00,7.73,1,0,1,168.51,0,1012.04,43.9,47.4,13.00,44.5983,11.6554
0.00,54.15,35.26,-0.99,5.79,8.13,0.56,-1.72,0.38,11.27,-0.04,0.00,7.68,1,0,1,169.52,0,1012.01,43.9,47.4,13.00,44.5983,11.6554
0.00,54.20,35.18,-0.99,5.67,7.98,0.58,-1.77,0.47,11.17,-0.04,0.00,7.74,1,0,1,171.52,0,1012.02,44.0,47.5,13.00,44.5983,11.6554
0.00,53.35,36.05,-0.94,5.53,7.54,0.38,-1.35,0.79,11.18,-0.04,0.00,7.68,1,0,1,173.52,0,1012.02,44.1,47.6,13.00,44.5983,11.6554
0.00,54.20,35.35,-0.86,5.80,8.13,-1.19,-1.91,0.54,10.94,-0.04,0.00,7.67,1,0,1,174.52,0,1012.05,44.1,47.7,13.00,44.5983,11.6554
0.00,54.53,34.91,-0.96,5.69,8.10,0.91,-1.80,0.60,10.80,-0.04,0.00,7.72,1,0,1,175.53,0,1012.07,44.1,47.7,13.00,44.5983,11.6554
0.00,51.42,38.12,-0.89,6.20,7.85,-0.63,-1.56,0.80,11.23,-0.04,0.00,7.74,1,0,1,176.53,0,1012.02,44.2,47.7,13.00,44.5983,11.6554
0.00,55.42,34.17,-0.83,5.71,8.37,-0.07,-1.87,0.31,11.48,-0.04,0.00,7.75,1,0,1,177.53,0,1011.99,44.2,47.8,13.00,44.5983,11.6554
0.00,53.88,35.63,-0.89,5.68,7.88,3.57,-1.50,0.96,11.73,-0.04,0.00,7.65,1,0,1,178.53,0,1011.97,44.2,47.8,13.00,44.5983,11.6554
0.00,54.03,35.52,-0.86,5.82,8.11,0.60,-1.79,0.49,10.85,-0.04,0.00,7.74,1,0,1,180.53,0,1012.06,44.3,47.9,13.00,44.5983,11.6554
0.00,53.71,35.72,-0.97,5.85,8.07,0.98,-1.75,0.52,11.86,-0.04,0.00,7.74,1,0,1,181.54,0,1011.95,44.3,47.9,13.00,44.5983,11.6554
0.00,54.15,35.30,-0.95,5.76,8.08,1.12,-1.79,0.56,11.72,-0.04,0.00,7.73,1,0,1,182.54,0,1011.97,44.4,48.0,13.00,44.5983,11.6554
0.00,54.62,34.86,-0.92,5.70,8.13,0.86,-1.72,0.54,11.18,-0.04,0.00,7.65,1,0,1,183.54,0,1012.03,44.4,48.0,12.00,44.5983,11.6554
0.00,54.51,34.95,-0.95,5.72,8.14,0.84,-1.72,0.60,10.84,-0.04,0.00,7.74,1,0,1,184.55,0,1012.06,44.4,48.1,12.00,44.5983,11.6554
0.00,54.38,35.06,-0.96,5.73,8.11,0.61,-1.72,0.47,12.63,-0.04,0.00,7.65,1,0,1,185.55,0,1011.87,44.5,48.1,12.00,44.5983,11.6554
0.00,54.35,35.09,-0.96,5.74,8.12,0.61,-1.80,0.49,11.90,-0.04,0.00,7.64,1,0,1,186.55,0,1011.95,44.5,48.1,12.00,44.5983,11.6554
0.00,53.54,35.91,-0.89,5.48,7.51,1.26,-1.58,0.28,12.13,-0.04,0.00,7.73,1,0,1,187.55,0,1011.92,44.5,48.2,12.00,44.5983,11.6554
0.00,54.09,35.40,-0.92,5.80,8.12,0.89,-1.75,0.52,11.64,-0.04,0.00,7.73,1,0,1,189.56,0,1011.98,44.7,48.2,12.00,44.5983,11.6554
0.00,54.15,35.28,-0.96,5.73,8.04,0.72,-1.80,0.45,11.68,-0.04,0.00,7.74,1,0,1,190.56,0,1011.97,44.7,48.3,12.00,44.5983,11.6554
0.00,54.53,34.94,-0.93,5.70,8.11,0.60,-1.70,0.47,11.91,-0.04,0.00,7.67,1,0,1,191.57,0,1011.95,44.7,48.3,12.00,44.5983,11.6554
0.00,54.36,35.06,-0.99,5.76,8.15,0.54,-1.75,0.49,11.66,-0.04,0.00,7.74,1,0,1,192.57,0,1011.98,44.7,48.3,12.00,44.5983,11.6554
0.00,54.29,35.16,-0.95,5.75,8.11,0.91,-1.68,0.56,12.09,-0.04,0.00,7.73,1,0,1,193.57,0,1011.93,44.7,48.3,12.00,44.5983,11.6554
0.00,54.72,34.53,-1.15,5.89,8.48,-0.05,-1.59,0.56,12.11,-0.04,0.00,7.73,1,0,1,196.57,0,1011.93,44.9,48.4,12.00,44.5983,11.6554
0.00,53.60,35.88,-0.93,5.85,8.03,1.12,-1.72,0.52,12.72,-0.04,0.00,7.65,1,0,1,201.58,0,1011.86,45.0,48.6,13.00,44.5983,11.6554
0.00,55.23,34.11,-1.03,5.60,8.20,0.89,-1.75,0.58,11.97,-0.04,0.00,7.74,1,0,1,202.58,0,1011.94,45.0,48.6,13.00,44.5983,11.6554
0.00,54.57,34.88,-0.95,5.70,8.12,0.79,-1.72,0.56,12.31,-0.04,0.00,7.65,1,0,1,203.59,0,1011.91,45.1,48.7,13.00,44.5983,11.6554
0.00,54.98,34.45,-0.95,5.56,8.05,0.12,-1.68,0.58,11.85,-0.04,0.00,7.74,1,0,1,204.59,0,1011.96,45.1,48.7,13.00,44.5983,11.6554
0.00,54.05,35.44,-0.92,5.80,8.10,0.77,-1.70,0.67,11.69,-0.04,0.00,7.73,1,0,1,205.59,0,1011.97,45.2,48.7,13.00,44.5983,11.6554
0.00,54.28,35.14,-0.99,5.76,8.12,0.86,-1.72,0.61,11.58,-0.04,0.00,7.68,1,0,1,207.59,0,1011.99,45.2,48.8,13.00,44.5983,11.6554
0.00,54.54,34.93,-0.94,5.73,8.15,0.75,-1.75,0.54,12.22,-0.04,0.00,7.67,1,0,1,208.59,0,1011.92,45.2,48.8,13.00,44.5983,11.6554
0.00,54.82,34.62,-0.95,5.66,8.15,0.86,-1.75,0.45,11.66,-0.04,0.00,7.74,1,0,1,209.60,0,1011.98,45.3,48.8,13.00,44.5983,11.6554
0.00,54.84,34.63,-0.93,5.66,8.15,0.44,-1.75,0.52,11.30,-0.04,0.00,7.67,1,0,1,210.60,0,1012.02,45.3,48.9,13.00,44.5983,11.6554
0.00,54.67,34.78,-0.94,5.68,8.12,1.44,-1.72,0.65,11.72,-0.04,0.00,7.74,1,0,1,211.60,0,1011.97,45.3,48.9,13.00,44.5983,11.6554
0.00,55.12,34.29,-1.00,5.75,8.37,0.09,-1.61,0.56,12.24,-0.04,0.00,7.73,1,0,1,212.60,0,1011.92,45.3,48.9,13.00,44.5983,11.6554
0.00,54.00,35.44,-0.96,5.78,8.06,1.03,-1.79,0.44,12.28,-0.04,0.00,7.73,1,0,1,213.60,0,1011.91,45.3,48.9,13.00,44.5983,11.6554
0.00,54.16,35.27,-0.96,5.75,8.07,0.79,-1.80,0.51,12.25,-0.04,0.00,7.74,1,0,1,216.61,0,1011.91,45.4,49.0,13.00,44.5983,11.6554
0.00,54.57,34.89,-0.93,5.68,8.09,2.05,-1.77,0.37,12.47,-0.04,0.00,7.73,1,0,1,217.61,0,1011.89,45.4,49.0,13.00,44.5983,11.6554
0.00,54.66,34.81,-0.93,5.70,8.15,0.89,-1.73,0.54,13.22,-0.04,0.00,7.69,1,0,1,219.61,0,1011.81,45.5,49.1,13.00,44.5983,11.6554
0.00,54.40,35.02,-0.98,5.74,8.14,0.75,-1.68,0.51,12.45,-0.04,0.00,7.67,1,0,1,220.62,0,1011.89,45.6,49.1,13.00,44.5983,11.6554
0.00,54.48,34.98,-0.94,5.72,8.13,0.96,-1.73,0.56,12.41,-0.04,0.00,7.73,1,0,1,222.62,0,1011.90,45.6,49.1,13.00,44.5983,11.6554
0.00,54.01,35.35,-1.03,5.84,8.16,0.86,-1.73,0.45,11.94,-0.04,0.00,7.69,1,0,1,223.62,0,1011.95,45.6,49.1,13.00,44.5983,11.6554
0.00,54.08,35.44,-0.90,5.81,8.12,0.67,-1.77,0.52,11.87,-0.04,0.00,7.74,1,0,1,224.62,0,1011.96,45.6,49.2,13.00,44.5983,11.6554
0.00,54.61,34.83,-0.96,5.69,8.12,0.60,-1.73,0.38,12.09,-0.04,0.00,7.68,1,0,1,225.62,0,1011.93,45.6,49.2,13.00,44.5983,11.6554
0.00,52.74,36.81,-0.87,5.96,7.92,2.84,-1.70,0.60,11.53,-0.04,0.00,7.75,1,0,1,226.63,0,1011.99,45.7,49.2,13.00,44.5983,11.6554
0.00,54.68,34.76,-0.95,5.69,8.15,1.15,-1.61,0.61,11.84,-0.04,0.00,7.67,1,0,1,227.63,0,1011.96,45.7,49.2,13.00,44.5983,11.6554
0.00,54.38,35.07,-0.95,5.75,8.13,0.65,-1.72,0.52,11.29,-0.04,0.00,7.70,1,0,1,228.63,0,1012.02,45.7,49.2,13.00,44.5983,11.6554
0.00,54.67,34.79,-0.94,5.71,8.16,0.75,-1.72,0.49,11.82,-0.04,0.00,7.75,1,0,1,230.64,0,1011.96,45.8,49.3,13.00,44.5983,11.6554
0.00,54.56,34.89,-0.94,5.72,8.15,0.84,-1.68,0.61,12.04,-0.04,0.00,7.69,1,0,1,231.64,0,1011.94,45.8,49.3,13.00,44.5983,11.6554
0.00,54.95,34.50,-0.94,5.61,8.11,1.01,-1.72,0.70,12.08,-0.04,0.00,7.68,1,0,1,232.64,0,1011.93,45.8,49.3,13.00,44.5983,11.6554
0.00,54.40,35.03,-0.97,5.74,8.14,0.49,-1.73,0.40,11.80,-0.04,0.00,7.74,1,0,1,233.65,0,1011.96,45.8,49.3,13.00,44.5983,11.6554
0.00,54.34,35.09,-0.97,5.75,8.13,0.52,-1.77,0.63,12.12,-0.04,0.00,7.67,1,0,1,234.65,0,1011.93,45.9,49.3,13.00,44.5983,11.6554
0.00,54.67,34.78,-0.95,5.70,8.16,1.00,-1.70,0.60,11.87,-0.04,0.00,7.74,1,0,1,235.65,0,1011.96,45.9,49.4,13.00,44.5983,11.6554
0.00,54.48,34.96,-0.96,5.73,8.14,0.88,-1.65,0.60,11.44,-0.04,0.00,7.75,1,0,1,237.65,0,1012.00,45.9,49.4,13.00,44.5983,11.6554
0.00,53.88,35.56,-0.96,5.80,8.05,0.70,-1.77,0.54,11.26,-0.04,0.00,7.70,1,0,1,238.65,0,1012.02,45.9,49.4,13.00,44.5983,11.6554
0.00,54.06,35.39,-0.95,5.79,8.09,0.42,-1.77,0.38,11.99,-0.04,0.00,7.74,1,0,1,239.66,0,1011.94,46.0,49.4,12.00,44.5983,11.6554
0.00,54.09,35.39,-0.93,5.79,8.09,0.54,-1.70,0.47,11.80,-0.04,0.00,7.64,1,0,1,240.66,0,1011.96,46.0,49.5,12.00,44.5983,11.6554
0.00,56.51,32.92,-0.93,5.31,8.15,-0.28,-1.72,0.37,11.53,-0.04,0.00,7.74,1,0,1,241.66,0,1011.99,46.0,49.5,12.00,44.5983,11.6554
0.00,54.35,35.10,-0.95,5.72,8.08,0.52,-1.68,0.63,11.77,-0.04,0.00,7.73,1,0,1,242.66,0,1011.97,46.1,49.5,12.00,44.5983,11.6554
0.00,54.00,35.42,-0.98,5.83,8.14,1.01,-1.68,0.60,11.78,-0.04,0.00,7.67,1,0,1,243.66,0,1011.97,46.1,49.5,12.00,44.5983,11.6554
0.00,54.27,35.20,-0.93,5.75,8.10,0.61,-1.68,0.45,12.70,-0.04,0.00,7.65,1,0,1,244.66,0,1011.87,46.1,49.5,12.00,44.5983,11.6554
0.00,54.19,35.27,-0.94,5.76,8.09,0.84,-1.66,0.56,11.75,-0.04,0.00,7.74,1,0,1,245.67,0,1011.97,46.1,49.6,13.00,44.5983,11.6554
0.00,54.53,34.94,-0.93,5.73,8.15,0.79,-1.68,0.58,11.28,-0.04,0.00,7.74,1,0,1,246.67,0,1012.02,46.1,49.6,13.00,44.5983,11.6554
0.00,54.39,35.11,-0.92,5.79,8.18,1.12,-1.73,0.58,12.31,-0.04,0.00,7.75,1,0,1,247.67,0,1011.91,46.1,49.6,11.00,44.5983,11.6554
0.00,53.92,35.61,-0.92,6.03,8.37,1.44,-1.87,0.54,11.74,-0.04,0.00,7.69,1,0,1,248.67,0,1011.97,46.2,49.6,11.00,44.5983,11.6554
0.00,53.00,36.40,-1.01,5.95,8.01,2.01,-1.50,0.51,11.57,-0.04,0.00,7.67,1,0,1,249.67,0,1011.99,46.2,49.6,11.00,44.5983,11.6554
0.00,54.79,34.63,-0.97,5.63,8.09,0.79,-1.72,0.52,12.41,-0.04,0.00,7.67,1,0,1,250.67,0,1011.90,46.2,49.7,11.00,44.5983,11.6554
0.00,54.18,35.24,-0.97,5.75,8.08,0.65,-1.72,0.63,11.86,-0.04,0.00,7.67,1,0,1,251.67,0,1011.96,46.3,49.7,12.00,44.5983,11.6554
0.00,54.27,35.16,-0.97,5.77,8.14,0.98,-1.72,0.67,11.22,-0.04,0.00,7.69,1,0,1,252.68,0,1012.03,46.3,49.7,12.00,44.5983,11.6554
0.00,53.97,35.50,-0.94,5.79,8.06,0.98,-1.73,0.51,11.16,-0.04,0.00,7.68,1,0,1,253.68,0,1012.03,46.3,49.8,12.00,44.5983,11.6554
0.00,53.70,35.73,-0.96,5.79,7.99,1.12,-1.63,0.60,11.99,-0.04,0.00,7.70,1,0,1,254.68,0,1011.95,46.3,49.8,12.00,44.5983,11.6554
0.00,54.11,35.28,-1.00,5.75,8.07,0.79,-1.59,0.65,11.64,-0.04,0.00,7.65,1,0,1,255.68,0,1011.98,46.4,49.8,12.00,44.5983,11.6554
0.00,54.41,35.04,-0.95,5.74,8.13,0.79,-1.77,0.56,11.09,-0.04,0.00,7.67,1,0,1,256.68,0,1012.04,46.4,49.9,12.00,44.5983,11.6554
0.00,54.51,34.92,-0.97,5.70,8.11,0.77,-1.70,0.49,12.01,-0.04,0.00,7.73,1,0,1,257.68,0,1011.94,46.4,49.9,12.00,44.5983,11.6554
0.00,54.24,35.19,-0.97,5.76,8.11,0.88,-1.65,0.56,12.15,-0.04,0.00,7.69,1,0,1,258.69,0,1011.93,46.4,49.9,12.00,44.5983,11.6554
0.00,54.77,34.65,-0.96,5.63,8.09,0.65,-1.73,0.51,11.21,-0.04,0.00,7.69,1,0,1,259.70,0,1012.03,46.4,49.9,12.00,44.5983,11.6554
0.00,54.97,34.47,-0.95,5.67,8.20,0.68,-1.68,0.60,11.72,-0.04,0.00,7.69,1,0,1,260.70,0,1011.98,46.4,50.0,12.00,44.5983,11.6554
0.00,55.02,34.44,-0.94,5.64,8.17,0.44,-1.70,0.49,10.87,-0.04,0.00,7.67,1,0,1,261.70,0,1012.07,46.5,50.0,12.00,44.5983,11.6554
0.00,54.56,34.89,-0.94,5.72,8.15,0.80,-1.65,0.56,11.42,-0.04,0.00,7.65,1,0,1,262.71,0,1012.01,46.5,50.0,12.00,44.5983,11.6554
0.00,54.48,34.95,-0.98,5.74,8.16,0.79,-1.80,0.54,11.83,-0.04,0.00,7.74,1,0,1,263.71,0,1011.96,46.5,50.0,12.00,44.5983,11.6554
0.00,54.20,35.26,-0.94,5.77,8.10,0.61,-1.61,0.52,11.17,-0.04,0.00,7.67,1,0,1,264.72,0,1012.03,46.6,50.1,12.00,44.5983,11.6554
0.00,54.18,35.29,-0.93,5.71,8.02,0.58,-1.49,0.67,11.90,-0.04,0.00,7.69,1,0,1,265.73,0,1011.96,46.6,50.1,12.00,44.5983,11.6554
0.00,54.01,35.41,-0.97,5.72,7.99,1.35,-1.73,0.45,12.05,-0.04,0.00,7.68,1,0,1,266.73,0,1011.94,46.6,50.1,12.00,44.5983,11.6554
0.00,54.34,35.07,-0.97,5.66,8.01,0.44,-1.73,0.52,12.67,-0.04,0.00,7.69,1,0,1,267.74,0,1011.87,46.6,50.1,12.00,44.5983,11.6554
0.00,55.39,34.08,-0.92,5.56,8.17,0.28,-1.66,0.56,11.43,-0.04,0.00,7.74,1,0,1,268.74,0,1012.01,46.7,50.2,12.00,44.5983,11.6554
0.00,54.45,34.98,-0.97,5.73,8.13,1.01,-1.65,0.72,11.56,-0.04,0.00,7.73,1,0,1,269.74,0,1011.99,46.7,50.2,12.00,44.5983,11.6554
0.00,54.44,34.99,-0.96,5.71,8.11,0.96,-1.72,0.61,12.32,-0.04,0.00,7.67,1,0,1,271.74,0,1011.91,46.7,50.2,12.00,44.5984,11.6554
0.00,53.79,35.69,-0.92,5.85,8.09,0.68,-1.59,0.49,11.71,-0.04,0.00,7.73,1,0,1,273.76,0,1011.98,46.7,50.3,13.00,44.5984,11.6554
0.00,54.50,34.94,-0.96,5.71,8.12,0.61,-1.63,0.54,11.54,-0.04,0.00,7.68,1,0,1,274.76,0,1012.00,46.8,50.3,13.00,44.5984,11.6554
0.00,55.32,34.10,-0.97,5.58,8.18,0.21,-1.65,0.44,11.46,-0.05,0.00,7.74,1,0,1,275.77,0,1012.00,46.8,50.3,13.00,44.5984,11.6554
0.00,53.79,35.62,-0.99,5.81,8.05,0.84,-1.75,0.54,11.78,-0.05,0.00,7.67,1,0,1,276.78,0,1011.97,46.8,50.3,13.00,44.5984,11.6554
0.00,53.65,35.75,-0.98,5.70,7.86,-0.45,-1.77,0.65,11.69,-0.05,0.00,7.68,1,0,1,277.78,0,1011.98,46.8,50.3,13.00,44.5984,11.6554
0.00,55.61,33.81,-0.95,5.42,8.04,1.45,-1.52,0.44,11.21,-0.05,0.00,7.75,1,0,1,278.79,0,1012.03,46.9,50.4,13.00,44.5984,11.6554
0.00,54.28,35.17,-0.97,5.80,8.17,0.68,-1.54,0.60,12.02,-0.05,0.00,7.73,1,0,1,279.80,0,1011.94,46.9,50.4,13.00,44.5984,11.6554
0.00,54.64,34.92,-0.82,5.54,7.90,0.89,-1.75,0.70,11.44,-0.05,0.00,7.73,1,0,1,280.80,0,1012.01,46.9,50.4,13.00,44.5984,11.6554
0.00,53.21,36.78,0.10,5.81,7.78,-0.73,-1.84,1.14,11.65,-0.05,0.00,7.70,1,0,1,281.80,0,1011.98,46.9,50.4,13.00,44.5984,11.6554
0.00,55.46,33.46,-1.34,5.57,8.32,0.72,-1.84,0.60,11.50,-0.05,0.00,7.74,1,0,1,282.80,0,1012.00,46.8,50.3,13.00,44.5984,11.6554
0.00,57.14,31.82,-1.12,4.62,7.37,0.68,-1.30,0.68,11.34,-0.05,0.00,7.74,1,0,1,283.81,0,1012.02,46.8,50.2,13.00,44.5984,11.6554
0.00,57.24,32.29,-0.87,5.40,8.50,1.14,-1.63,0.60,11.22,-0.05,0.00,7.68,1,0,1,284.82,0,1012.03,46.9,50.4,13.00,44.5984,11.6554
0.00,58.35,31.06,-0.95,5.12,8.44,1.24,-1.75,0.65,11.86,-0.05,0.00,7.70,1,0,1,285.82,0,1011.96,47.0,50.4,13.00,44.5984,11.6554
0.00,57.33,32.07,-0.97,5.32,8.44,0.79,-1.65,0.65,11.30,-0.05,0.00,7.69,1,0,1,286.83,0,1012.02,47.0,50.4,13.00,44.5984,11.6554
0.00,57.48,31.92,-0.98,5.29,8.44,0.67,-1.72,0.58,11.51,-0.05,0.00,7.72,1,0,1,287.84,0,1012.00,47.0,50.4,13.00,44.5984,11.6554
0.00,57.66,31.59,-1.09,5.25,8.46,0.52,-1.52,0.51,11.64,-0.05,0.00,7.69,1,0,1,288.85,0,1011.99,47.0,50.4,13.00,44.5984,11.6554
0.00,57.10,32.28,-0.98,5.29,8.31,0.19,-1.54,0.51,11.86,-0.05,0.00,7.65,1,0,1,289.85,0,1011.96,47.0,50.5,13.00,44.5984,11.6554
0.00,56.02,33.40,-0.98,5.55,8.36,0.98,-1.87,0.56,11.39,-0.05,0.00,7.67,1,0,1,290.86,0,1012.01,47.0,50.5,13.00,44.5984,11.6554
0.00,59.91,29.53,-0.93,5.00,8.77,1.79,-1.50,0.51,11.24,-0.05,0.00,7.73,1,0,1,292.88,0,1012.03,47.1,50.5,13.00,44.5984,11.6554
0.00,56.34,33.11,-0.94,5.46,8.31,1.54,-1.66,0.40,11.47,-0.05,0.00,7.74,1,0,1,293.88,0,1012.00,47.0,50.5,13.00,44.5984,11.6554
0.00,60.19,29.73,-0.35,5.11,8.93,-0.26,-1.14,4.37,11.99,-0.05,0.00,7.77,1,0,1,294.89,0,1011.95,47.2,50.5,12.00,44.5984,11.6554
0.00,56.66,33.32,-0.18,5.03,7.66,-4.48,-3.92,5.04,11.32,-0.05,0.00,7.70,1,0,1,295.89,0,1012.02,47.2,50.6,12.00,44.5984,11.6554
0.00,57.57,32.43,-0.10,5.34,8.40,-1.09,-3.87,4.99,-3.03,-0.05,0.00,7.74,1,0,1,296.89,0,1013.55,47.1,50.5,12.00,44.5984,11.6554
0.00,63.41,26.56,0.22,4.42,8.84,-1.38,0.45,-2.56,-119.23,-0.05,0.00,7.67,1,0,1,297.89,0,1026.08,47.2,50.6,12.00,44.5984,11.6554
0.00,55.61,33.92,-0.89,5.70,8.43,-2.76,-1.37,0.54,0.48,-0.05,0.00,7.67,1,0,1,298.90,0,1013.18,47.2,50.6,12.00,44.5984,11.6554
0.00,60.08,29.36,-0.92,4.92,8.71,0.88,-1.65,0.72,10.88,-0.05,0.00,7.69,1,0,1,299.90,0,1012.07,47.2,50.6,12.00,44.5984,11.6554
0.00,58.65,30.77,-0.95,5.12,8.55,0.77,-1.56,0.79,11.00,-0.05,0.00,7.69,1,0,1,300.90,0,1012.05,47.2,50.6,13.00,44.5984,11.6554
0.00,57.95,31.52,-0.90,5.22,8.46,1.44,-1.68,0.60,11.42,-0.05,0.00,7.73,1,0,1,301.90,0,1012.01,47.2,50.6,13.00,44.5984,11.6554
0.00,59.89,29.55,-0.92,4.93,8.65,0.60,-1.61,0.44,11.04,-0.05,0.00,7.77,1,0,1,302.90,0,1012.05,47.2,50.6,13.00,44.5984,11.6554
0.00,59.06,30.41,-0.90,5.09,8.62,0.73,-1.77,0.33,11.28,-0.05,0.00,7.73,1,0,1,303.90,0,1012.03,47.2,50.7,13.00,44.5984,11.6554
0.00,58.61,30.83,-0.93,5.13,8.54,1.23,-1.61,0.52,11.72,-0.05,0.00,7.73,1,0,1,305.91,0,1011.98,47.3,50.7,13.00,44.5984,11.6554
0.00,59.00,30.44,-0.93,5.05,8.54,-4.37,-1.59,0.61,11.53,-0.05,0.00,7.72,1,0,1,306.91,0,1012.00,47.3,50.7,13.00,44.5984,11.6554
0.00,59.48,29.97,-0.91,4.97,8.58,0.91,-1.73,0.63,11.55,-0.05,0.00,7.74,1,0,1,307.91,0,1012.00,47.3,50.7,13.00,44.5984,11.6554
0.00,58.74,30.69,-0.94,5.11,8.56,0.54,-1.66,0.52,11.58,-0.05,0.00,7.74,1,0,1,308.91,0,1011.99,47.4,50.7,13.00,44.5984,11.6554
0.00,60.29,29.15,-0.92,4.90,8.74,0.91,-1.63,0.68,11.50,-0.05,0.00,7.65,1,0,1,309.92,0,1012.00,47.4,50.7,13.00,44.5984,11.6554
0.00,60.09,29.33,-0.93,4.94,8.74,0.80,-1.68,0.68,12.32,-0.05,0.00,7.72,1,0,1,310.91,0,1011.91,47.4,50.8,13.00,44.5984,11.6554
0.00,59.71,29.72,-0.93,4.97,8.65,0.61,-1.65,0.51,11.64,-0.05,0.00,7.65,1,0,1,311.92,0,1011.99,47.4,50.8,13.00,44.5984,11.6554
0.00,59.52,29.91,-0.93,5.00,8.64,0.65,-1.66,0.52,11.97,-0.05,0.00,7.74,1,0,1,312.92,0,1011.95,47.4,50.8,13.00,44.5984,11.6554
0.00,59.72,29.70,-0.94,4.97,8.66,1.03,-1.59,0.80,12.48,-0.05,0.00,7.73,1,0,1,313.92,0,1011.90,47.4,50.8,13.00,44.5984,11.6554
0.00,59.41,30.05,-0.91,5.04,8.66,0.77,-1.72,0.51,12.31,-0.05,0.00,7.67,1,0,1,314.93,0,1011.92,47.4,50.8,13.00,44.5984,11.6554
0.00,59.51,29.91,-0.94,5.02,8.67,0.88,-1.66,0.58,12.04,-0.05,0.00,7.70,1,0,1,315.93,0,1011.94,47.5,50.8,13.00,44.5984,11.6554
0.00,59.26,30.17,-0.94,5.05,8.64,0.88,-1.82,0.42,11.64,-0.05,0.00,7.67,1,0,1,319.94,0,1011.99,47.6,50.9,13.00,44.5984,11.6554
0.00,59.81,29.63,-0.92,4.97,8.69,0.68,-1.66,0.56,11.65,-0.05,0.00,7.70,1,0,1,320.94,0,1011.99,47.6,50.9,13.00,44.5984,11.6554
0.00,60.41,29.01,-0.93,4.86,8.72,0.68,-1.63,0.52,11.97,-0.05,0.00,7.74,1,0,1,321.94,0,1011.95,47.6,50.9,13.00,44.5984,11.6554
0.00,59.08,30.36,-0.93,5.09,8.64,0.28,-1.63,0.52,12.00,-0.05,0.00,7.67,1,0,1,322.94,0,1011.95,47.6,50.9,13.00,44.5984,11.6554
0.00,59.46,29.92,-0.97,5.01,8.64,1.03,-1.65,0.58,12.21,-0.05,0.00,7.74,1,0,1,323.95,0,1011.93,47.6,51.0,13.00,44.5984,11.6554
0.00,58.75,30.68,-0.94,5.13,8.60,0.31,-1.70,0.38,11.95,-0.05,0.00,7.73,1,0,1,324.95,0,1011.95,47.6,51.0,13.00,44.5984,11.6554
0.00,59.68,29.75,-0.94,5.00,8.70,0.68,-1.70,0.35,11.97,-0.05,0.00,7.67,1,0,1,325.95,0,1011.95,47.7,51.0,13.00,44.5984,11.6554
0.00,59.90,29.56,-0.91,4.95,8.69,0.80,-1.63,0.58,12.12,-0.05,0.00,7.65,1,0,1,327.96,0,1011.94,47.7,51.0,13.00,44.5984,11.6554
0.00,59.76,29.68,-0.92,4.95,8.64,0.80,-1.65,0.60,12.46,-0.05,0.00,7.67,1,0,1,328.96,0,1011.90,47.7,51.0,13.00,44.5984,11.6554
0.00,59.88,29.55,-0.92,4.94,8.66,0.72,-1.73,0.56,12.30,-0.05,0.00,7.67,1,0,1,330.97,0,1011.92,47.7,51.1,13.00,44.5984,11.6554
0.00,59.76,29.67,-0.93,4.96,8.65,0.80,-1.59,0.67,11.95,-0.05,0.00,7.65,1,0,1,332.97,0,1011.95,47.8,51.1,13.00,44.5984,11.6554
0.00,59.85,29.61,-0.91,4.94,8.65,0.73,-1.58,0.60,12.37,-0.05,0.00,7.75,1,0,1,333.97,0,1011.91,47.8,51.1,13.00,44.5984,11.6554
0.00,59.94,29.51,-0.91,4.93,8.66,0.82,-1.66,0.60,12.09,-0.05,0.00,7.74,1,0,1,334.98,0,1011.94,47.8,51.1,13.00,44.5984,11.6554
0.00,59.81,29.61,-0.94,4.96,8.68,0.79,-1.66,0.58,12.30,-0.05,0.00,7.67,1,0,1,335.98,0,1011.92,47.8,51.1,13.00,44.5984,11.6554
0.00,59.78,29.66,-0.92,4.96,8.66,0.37,-1.63,0.56,12.43,-0.05,0.00,7.70,1,0,1,336.99,0,1011.90,47.8,51.2,13.00,44.5984,11.6554
0.00,59.81,29.63,-0.92,4.96,8.68,0.70,-1.63,0.52,12.07,-0.05,0.00,7.68,1,0,1,337.99,0,1011.94,47.9,51.2,13.00,44.5984,11.6554
0.00,59.89,29.57,-0.91,4.94,8.67,0.75,-1.61,0.60,12.78,-0.05,0.00,7.74,1,0,1,338.99,0,1011.87,47.9,51.2,13.00,44.5984,11.6554
0.00,59.77,29.66,-0.93,4.98,8.69,0.77,-1.70,0.60,11.82,-0.05,0.00,7.75,1,0,1,340.00,0,1011.97,48.0,51.2,13.00,44.5984,11.6554
0.00,59.61,29.82,-0.94,5.00,8.67,0.68,-1.66,0.52,11.74,-0.05,0.00,7.68,1,0,1,341.00,0,1011.98,47.9,51.2,13.00,44.5984,11.6554
0.00,59.83,29.65,-0.89,4.97,8.69,0.82,-1.68,0.58,11.98,-0.05,0.00,7.70,1,0,1,343.00,0,1011.95,47.9,51.2,13.00,44.5984,11.6554
0.00,59.66,29.76,-0.94,4.98,8.65,0.77,-1.68,0.61,11.81,-0.05,0.00,7.69,1,0,1,344.00,0,1011.97,48.0,51.3,13.00,44.5984,11.6554
0.00,59.63,29.79,-0.94,4.98,8.64,0.75,-1.65,0.56,12.34,-0.05,0.00,7.68,1,0,1,345.01,0,1011.91,47.9,51.3,13.00,44.5984,11.6554
0.00,59.83,29.60,-0.92,4.93,8.63,0.82,-1.66,0.61,11.76,-0.05,0.00,7.72,1,0,1,346.01,0,1011.98,47.9,51.3,13.00,44.5984,11.6554
0.00,59.80,29.58,-0.96,4.91,8.60,0.77,-1.61,0.52,12.57,-0.05,0.00,7.74,1,0,1,347.01,0,1011.89,47.9,51.3,13.00,44.5984,11.6554
0.00,59.89,29.55,-0.92,4.94,8.66,0.77,-1.68,0.58,11.91,-0.05,0.00,7.70,1,0,1,348.01,0,1011.96,48.0,51.3,13.00,44.5984,11.6554
0.00,59.80,29.64,-0.92,4.95,8.65,0.75,-1.68,0.51,11.56,-0.05,0.00,7.74,1,0,1,350.02,0,1012.00,48.0,51.4,13.00,44.5984,11.6554
0.00,59.50,29.92,-0.93,4.97,8.59,0.77,-1.72,0.58,12.58,-0.05,0.00,7.68,1,0,1,351.02,0,1011.89,48.1,51.4,12.00,44.5984,11.6554
0.00,59.91,29.55,-0.90,4.94,8.67,0.73,-1.68,0.56,12.40,-0.05,0.00,7.70,1,0,1,352.03,0,1011.91,48.0,51.4,12.00,44.5984,11.6554
0.00,60.37,29.05,-0.93,4.84,8.66,0.19,-1.58,0.54,12.14,-0.05,0.00,7.68,1,0,1,353.03,0,1011.94,48.1,51.4,12.00,44.5984,11.6554
0.00,59.87,29.58,-0.92,4.94,8.66,0.61,-1.70,0.54,11.94,-0.05,0.00,7.74,1,0,1,354.03,0,1011.96,48.1,51.4,12.00,44.5984,11.6554
0.00,59.70,29.70,-0.95,4.97,8.66,0.77,-1.68,0.54,12.27,-0.05,0.00,7.67,1,0,1,355.04,0,1011.92,48.2,51.4,12.00,44.5984,11.6554
0.00,59.76,29.71,-0.90,4.96,8.64,0.68,-1.68,0.58,12.50,-0.05,0.00,7.74,1,0,1,356.04,0,1011.90,48.1,51.5,12.00,44.5984,11.6554
0.00,59.70,29.72,-0.94,4.97,8.65,0.77,-1.61,0.56,11.54,-0.05,0.00,7.73,1,0,1,357.04,0,1012.00,48.1,51.5,12.00,44.5984,11.6554
0.00,59.68,29.76,-0.92,4.97,8.65,0.54,-1.59,0.51,11.35,-0.05,0.00,7.69,1,0,1,358.04,0,1012.02,48.2,51.5,12.00,44.5984,11.6554
0.00,59.61,29.82,-0.93,4.96,8.61,0.82,-1.66,0.54,12.36,-0.05,0.00,7.73,1,0,1,359.05,0,1011.91,48.2,51.5,12.00,44.5984,11.6554
0.00,59.71,29.72,-0.93,4.97,8.65,0.75,-1.65,0.60,12.19,-0.05,0.00,7.74,1,0,1,360.05,0,1011.93,48.2,51.5,12.00,44.5984,11.6554
0.00,59.99,29.47,-0.89,4.92,8.67,0.80,-1.66,0.61,11.82,-0.05,0.00,7.75,1,0,1,361.06,0,1011.97,48.2,51.5,12.00,44.5984,11.6554
0.00,59.60,29.87,-0.90,4.98,8.63,0.73,-1.58,0.60,12.23,-0.05,0.00,7.75,1,0,1,362.06,0,1011.93,48.2,51.5,12.00,44.5984,11.6554
0.00,59.95,29.47,-0.93,4.91,8.64,0.63,-1.68,0.54,12.46,-0.05,0.00,7.75,1,0,1,363.06,0,1011.90,48.2,51.6,12.00,44.5984,11.6554
0.00,59.95,29.47,-0.93,4.91,8.64,1.03,-1.61,0.56,11.69,-0.05,0.00,7.65,1,0,1,364.07,0,1011.98,48.2,51.6,12.00,44.5984,11.6554
0.00,59.60,29.83,-0.92,4.96,8.60,0.79,-1.65,0.60,12.42,-0.04,0.00,7.68,1,0,1,365.07,0,1011.91,48.3,51.6,13.00,44.5984,11.6554
0.00,59.68,29.76,-0.92,4.97,8.64,0.75,-1.56,0.54,12.33,-0.04,0.00,7.70,1,0,1,366.08,0,1011.92,48.3,51.6,13.00,44.5984,11.6554
0.00,59.62,29.77,-0.96,4.98,8.65,0.68,-1.70,0.52,12.16,-0.04,0.00,7.72,1,0,1,367.08,0,1011.93,48.4,51.6,13.00,44.5984,11.6554
0.00,60.01,29.43,-0.92,4.91,8.65,0.82,-1.63,0.63,11.99,-0.04,0.00,7.67,1,0,1,368.08,0,1011.95,48.3,51.6,13.00,44.5984,11.6554
0.00,59.72,29.74,-0.90,4.96,8.64,0.67,-1.66,0.51,11.90,-0.04,0.00,7.73,1,0,1,369.09,0,1011.96,48.3,51.6,13.00,44.5984,11.6554
0.00,59.74,29.68,-0.94,4.96,8.66,0.84,-1.61,0.54,12.03,-0.04,0.00,7.73,1,0,1,370.09,0,1011.95,48.4,51.7,13.00,44.5984,11.6554
0.00,60.07,29.38,-0.91,4.91,8.68,0.72,-1.61,0.51,11.96,-0.04,0.00,7.67,1,0,1,371.09,0,1011.96,48.4,51.7,13.00,44.5984,11.6554
0.00,59.49,29.94,-0.93,5.00,8.62,0.84,-1.63,0.58,11.89,-0.04,0.00,7.73,1,0,1,372.09,0,1011.96,48.4,51.7,13.00,44.5984,11.6554
0.00,59.46,29.95,-0.95,5.00,8.63,0.93,-1.65,0.47,11.51,-0.04,0.00,7.70,1,0,1,373.09,0,1012.00,48.4,51.7,14.00,44.5984,11.6554
0.00,59.89,29.54,-0.93,4.93,8.65,0.89,-1.66,0.60,12.03,-0.04,0.00,7.75,1,0,1,374.09,0,1011.95,48.4,51.7,14.00,44.5984,11.6554
0.00,59.83,29.63,-0.90,4.95,8.65,1.00,-1.63,0.73,11.76,-0.04,0.00,7.65,1,0,1,375.09,0,1011.98,48.4,51.7,14.00,44.5984,11.6554
0.00,58.64,30.80,-0.93,5.13,8.56,0.94,-1.63,0.65,11.78,-0.04,0.00,7.67,1,0,1,376.09,0,1011.98,48.4,51.7,14.00,44.5984,11.6554
0.00,59.75,29.66,-0.94,4.95,8.64,0.65,-1.65,0.47,12.41,-0.04,0.00,7.67,1,0,1,377.10,0,1011.91,48.5,51.8,13.00,44.5984,11.6554
0.00,59.84,29.59,-0.92,4.94,8.65,0.75,-1.59,0.60,11.72,-0.04,0.00,7.65,1,0,1,378.10,0,1011.98,48.5,51.8,13.00,44.5984,11.6554
0.00,59.74,29.71,-0.91,4.95,8.63,0.77,-1.56,0.63,12.34,-0.04,0.00,7.65,1,0,1,379.10,0,1011.92,48.5,51.8,13.00,44.5984,11.6554
0.00,59.73,29.68,-0.94,4.96,8.65,0.77,-1.66,0.51,11.96,-0.04,0.00,7.64,1,0,1,380.11,0,1011.96,48.5,51.8,13.00,44.5984,11.6554
0.00,59.71,29.69,-0.95,4.95,8.63,0.82,-1.63,0.61,11.50,-0.04,0.00,7.68,1,0,1,381.11,0,1012.01,48.5,51.8,13.00,44.5984,11.6554
0.00,34.64,55.10,-0.66,8.17,5.66,71.12,-3.17,12.65,11.81,-0.04,0.00,7.73,1,0,1,382.11,0,1011.97,48.6,51.8,13.00,44.5984,11.6554
0.00,27.07,62.81,-0.41,8.81,4.51,0.58,-0.35,0.42,12.14,-0.04,0.00,7.69,1,0,1,383.11,0,1011.94,48.5,51.8,13.00,44.5984,11.6554
0.00,37.95,51.73,0.76,7.97,6.25,-27.81,3.45,-18.74,11.27,-0.04,0.00,7.73,1,0,1,384.11,0,1012.03,48.6,51.9,13.00,44.5984,11.6554
0.00,30.01,50.25,-4.32,8.34,5.43,4.24,-9.03,11.93,12.46,-0.04,0.00,7.69,1,0,1,385.11,0,1011.90,48.5,51.9,14.00,44.5984,11.6554
0.00,19.99,69.70,0.39,6.18,2.25,77.09,16.10,-49.80,12.58,-0.04,0.00,7.73,1,0,1,386.12,0,1011.89,48.6,51.9,14.00,44.5984,11.6554
0.00,18.05,53.89,5.03,8.11,3.11,9.61,-21.16,15.72,12.21,-0.04,0.00,7.73,1,0,1,388.12,0,1011.93,48.5,51.9,14.00,44.5984,11.6554
0.00,19.92,50.92,5.54,8.11,3.56,-34.95,-25.53,-27.98,12.64,-0.04,0.00,7.73,1,0,1,389.12,0,1011.88,48.5,51.9,14.00,44.5984,11.6554
0.00,28.39,43.77,5.75,7.32,5.03,-15.38,-12.20,21.02,12.65,-0.04,0.00,7.69,1,0,1,390.12,0,1011.88,48.6,51.9,14.00,44.5984,11.6554
0.00,21.36,36.44,7.04,5.83,3.57,0.84,-4.69,-2.76,12.54,-0.04,0.00,7.73,1,0,1,391.12,0,1011.89,48.5,51.9,14.00,44.5984,11.6554
0.00,21.02,34.54,7.52,5.75,3.64,-27.39,-12.97,-10.17,12.45,-0.04,0.00,7.69,1,0,1,392.12,0,1011.90,48.5,51.9,14.00,44.5984,11.6554
0.00,29.87,30.50,6.99,5.04,4.95,-0.84,0.63,5.36,12.08,-0.04,0.00,7.70,1,0,1,393.12,0,1011.94,48.5,51.9,14.00,44.5984,11.6555
0.00,30.24,26.81,7.51,4.60,5.13,0.56,-1.17,3.96,12.39,-0.04,0.00,7.74,1,0,1,394.12,0,1011.91,48.5,51.9,14.00,44.5984,11.6555
0.00,32.58,26.46,7.19,4.48,5.41,2.29,-1.84,0.14,11.81,-0.04,0.00,7.67,1,0,1,395.13,0,1011.97,48.5,51.9,14.00,44.5984,11.6555
0.00,31.20,28.76,7.08,4.82,5.19,-6.79,-3.31,-4.69,11.91,-0.04,0.00,7.72,1,0,1,396.13,0,1011.96,48.5,52.0,14.00,44.5984,11.6555
0.00,26.66,30.51,7.22,4.98,4.40,10.50,3.80,9.06,12.74,-0.04,0.00,7.75,1,0,1,397.13,0,1011.87,48.5,52.0,14.00,44.5984,11.6555
0.00,24.99,22.99,8.11,3.87,4.19,-22.68,9.22,9.14,11.56,-0.04,0.00,7.69,1,0,1,398.13,0,1012.00,48.6,52.0,14.00,44.5984,11.6555
0.00,26.42,16.97,7.94,2.74,4.17,1.75,0.77,10.10,12.46,-0.04,0.00,7.75,1,0,1,399.13,0,1011.90,48.6,52.0,14.00,44.5984,11.6555
0.00,23.41,18.00,7.49,2.68,3.45,20.67,2.84,-1.23,12.86,-0.04,0.00,7.65,1,0,1,400.14,0,1011.86,48.6,52.0,14.00,44.5984,11.6555
0.00,28.90,27.35,6.43,3.96,4.17,30.26,-1.05,1.17,12.80,-0.04,0.00,7.75,1,0,1,401.14,0,1011.87,48.6,52.0,14.00,44.5984,11.6555
0.00,32.85,28.46,6.98,4.81,5.47,0.26,-8.57,8.56,12.22,-0.04,0.00,7.70,1,0,1,402.14,0,1011.93,48.5,52.0,14.00,44.5984,11.6555
0.00,27.03,22.13,9.50,4.44,5.35,-1.26,3.53,-1.66,12.34,-0.04,0.00,7.65,1,0,1,403.15,0,1011.92,48.6,52.0,14.00,44.5984,11.6555
0.00,25.67,28.50,9.84,6.14,5.58,2.54,2.10,8.14,11.86,-0.04,0.00,7.68,1,0,1,404.15,0,1011.97,48.6,52.0,14.00,44.5984,11.6555
0.00,32.02,24.46,8.69,4.86,6.23,9.00,7.35,-0.91,12.67,-0.04,0.00,7.73,1,0,1,405.15,0,1011.88,48.6,52.0,14.00,44.5984,11.6555
0.00,36.31,31.57,6.36,5.44,6.15,12.44,-10.50,-3.53,12.38,-0.04,0.00,7.72,1,0,1,406.16,0,1011.91,48.6,52.1,14.00,44.5984,11.6555
0.00,34.30,35.69,5.07,5.06,4.89,3.59,-4.92,-1.54,12.21,-0.04,0.00,7.77,1,0,1,407.16,0,1011.93,48.6,52.1,14.00,44.5984,11.6556
0.00,27.07,33.73,5.72,4.56,3.74,-0.91,-7.33,-0.80,12.52,-0.04,0.00,7.67,1,0,1,408.16,0,1011.90,48.6,52.1,14.00,44.5984,11.6556
0.00,23.18,29.99,6.88,4.46,3.51,18.57,-4.27,6.61,12.04,-0.04,0.00,7.72,1,0,1,409.16,0,1011.95,48.6,52.1,14.00,44.5984,11.6556
0.00,17.75,25.02,8.72,4.32,3.12,14.09,-1.45,0.98,12.27,-0.04,0.00,7.73,1,0,1,410.16,0,1011.92,48.6,52.1,14.00,44.5984,11.6556
0.00,17.34,24.95,9.71,4.78,3.38,-17.20,-6.89,-1.58,12.96,-0.03,0.00,7.69,1,0,1,411.16,0,1011.85,48.6,52.1,14.00,44.5984,11.6556
0.00,12.20,19.77,10.45,3.85,2.41,-44.43,-5.23,-4.20,14.28,-0.03,0.00,7.67,1,0,1,412.16,0,1011.71,48.7,52.1,14.00,44.5984,11.6556
0.00,15.85,13.22,9.35,2.29,2.73,-15.96,4.06,2.15,11.72,-0.03,0.00,7.73,1,0,1,413.17,0,1011.98,48.7,52.1,14.00,44.5984,11.6557
0.00,18.83,4.94,8.60,0.78,2.94,2.13,6.47,-3.50,12.39,-0.03,0.00,7.74,1,0,1,414.17,0,1011.91,48.7,52.1,14.00,44.5984,11.6557
0.00,19.87,13.03,7.19,1.78,2.68,3.10,-1.86,0.40,12.50,-0.03,0.00,7.75,1,0,1,415.17,0,1011.90,48.6,52.1,14.00,44.5984,11.6557
0.00,20.56,13.10,8.06,2.01,3.12,1.87,-8.91,5.30,12.22,-0.03,0.00,7.73,1,0,1,416.17,0,1011.93,48.7,52.1,14.00,44.5984,11.6557
0.00,17.08,14.67,9.07,2.49,2.89,16.70,-0.54,2.05,12.22,-0.03,0.00,7.72,1,0,1,417.17,0,1011.93,48.7,52.1,15.00,44.5984,11.6557
0.00,18.67,16.58,9.71,3.07,3.44,20.27,-7.11,4.50,12.25,-0.03,0.00,7.67,1,0,1,418.17,0,1011.93,48.6,52.2,15.00,44.5984,11.6557
0.00,13.49,11.85,11.10,2.40,2.72,0.26,0.84,-0.23,12.07,-0.03,0.00,7.73,1,0,1,419.18,0,1011.95,48.7,52.2,15.00,44.5985,11.6558
0.00,18.58,8.42,11.63,1.82,3.96,-37.26,2.98,5.01,11.89,-0.03,0.00,7.74,1,0,1,420.18,0,1011.97,48.7,52.2,15.00,44.5985,11.6558
0.00,23.51,21.00,10.66,4.53,5.04,28.16,8.71,-6.11,11.59,-0.03,0.00,7.74,1,0,1,421.18,0,1012.00,48.7,52.2,15.00,44.5985,11.6558
0.00,27.74,14.57,11.14,3.30,6.11,30.17,-13.19,9.12,11.92,-0.03,0.00,7.73,1,0,1,422.18,0,1011.96,48.7,52.2,15.00,44.5985,11.6558
0.00,17.82,16.48,9.98,3.12,3.36,19.84,4.90,-3.06,11.93,-0.03,0.00,7.73,1,0,1,423.18,0,1011.96,48.7,52.2,15.00,44.5985,11.6558
0.00,26.97,17.79,7.07,2.58,3.83,2.87,-7.93,6.63,12.74,-0.03,0.00,7.73,1,0,1,424.19,0,1011.88,48.7,52.2,15.00,44.5985,11.6558
0.00,18.13,23.13,7.96,3.61,2.86,19.77,0.77,0.45,12.24,-0.03,0.00,7.73,1,0,1,425.19,0,1011.93,48.7,52.2,15.00,44.5985,11.6559
0.00,23.78,17.02,6.76,2.28,3.14,-8.98,9.03,6.74,11.28,-0.03,0.00,7.70,1,0,1,426.19,0,1012.03,48.8,52.2,15.00,44.5985,11.6559
0.00,23.31,20.78,6.92,2.90,3.24,7.03,-3.74,-1.93,12.39,-0.04,0.00,7.68,1,0,1,427.19,0,1011.91,48.8,52.2,15.00,44.5985,11.6559
0.00,19.29,17.63,7.95,2.69,2.94,12.69,-1.26,-1.07,11.42,-0.04,0.00,7.73,1,0,1,428.19,0,1012.02,48.7,52.3,15.00,44.5985,11.6559
0.00,16.79,19.78,8.74,3.30,2.82,11.67,0.38,-4.15,12.43,-0.04,0.00,7.73,1,0,1,429.19,0,1011.91,48.7,52.3,15.00,44.5985,11.6559
0.00,17.49,21.50,10.67,4.44,3.64,33.90,-5.34,5.55,11.86,-0.04,0.00,7.72,1,0,1,430.20,0,1011.97,48.8,52.3,15.00,44.5985,11.6559
0.00,26.08,22.03,8.94,4.11,4.82,-44.56,8.77,-13.19,12.49,-0.05,0.00,7.67,1,0,1,431.20,0,1011.90,48.8,52.3,15.00,44.5985,11.6560
0.00,24.16,21.89,9.82,4.40,4.83,-28.56,-5.29,-4.22,12.71,-0.05,0.00,7.75,1,0,1,432.20,0,1011.88,48.8,52.3,15.00,44.5985,11.6560
0.00,22.39,22.92,9.34,4.34,4.24,-12.60,3.20,-5.11,11.92,-0.05,0.00,7.73,1,0,1,433.20,0,1011.96,48.8,52.3,15.00,44.5985,11.6560
0.00,21.95,18.13,8.75,3.12,3.74,2.40,4.37,-6.77,11.55,-0.05,0.00,7.75,1,0,1,434.21,0,1012.00,48.8,52.3,15.00,44.5985,11.6560
0.00,22.47,23.18,7.38,3.47,3.37,28.91,-0.67,10.64,12.26,-0.05,0.00,7.73,1,0,1,435.21,0,1011.93,48.8,52.3,15.00,44.5986,11.6560
0.00,24.65,19.81,6.66,2.68,3.29,-2.59,-6.26,0.42,12.17,-0.05,0.00,7.69,1,0,1,436.21,0,1011.94,48.8,52.3,15.00,44.5986,11.6560
0.00,15.74,19.44,7.93,2.92,2.38,49.14,-9.52,13.19,11.80,-0.05,0.00,7.73,1,0,1,437.21,0,1011.98,48.8,52.4,15.00,44.5986,11.6560
0.00,16.46,17.76,8.80,2.95,2.74,-11.04,0.70,-1.21,12.79,-0.05,0.00,7.67,1,0,1,438.22,0,1011.87,48.9,52.4,15.00,44.5986,11.6560
0.00,20.09,17.52,9.94,3.36,3.84,33.32,0.26,10.11,12.41,-0.05,0.00,7.73,1,0,1,439.22,0,1011.91,48.9,52.4,15.00,44.5986,11.6560
0.00,25.35,7.83,11.46,1.75,5.49,21.00,4.15,8.10,12.42,-0.05,0.00,7.74,1,0,1,440.22,0,1011.91,48.9,52.4,15.00,44.5986,11.6560
0.00,22.20,23.51,10.63,5.08,4.81,32.83,-4.32,1.49,13.22,-0.05,0.00,7.72,1,0,1,441.22,0,1011.82,48.9,52.4,15.00,44.5986,11.6560
0.00,29.69,14.84,9.23,2.85,5.51,-5.69,-6.26,6.70,11.87,-0.05,0.00,7.68,1,0,1,442.23,0,1011.97,48.9,52.4,15.00,44.5986,11.6560
0.00,29.31,20.92,7.91,3.55,4.87,-1.10,-1.86,-4.90,11.78,-0.05,0.00,7.69,1,0,1,443.23,0,1011.98,49.0,52.4,15.00,44.5986,11.6561
0.00,26.14,30.98,6.92,4.84,4.14,2.13,-9.94,-0.42,11.72,-0.05,0.00,7.74,1,0,1,444.23,0,1011.99,48.9,52.4,15.00,44.5986,11.6561
0.00,29.06,30.60,5.23,3.75,3.57,-11.22,-6.37,6.76,12.13,-0.05,0.00,7.69,1,0,1,445.24,0,1011.94,48.9,52.4,15.00,44.5987,11.6561
0.00,30.28,25.55,5.45,3.14,3.67,4.32,9.33,8.09,12.15,-0.05,0.00,7.70,1,0,1,446.24,0,1011.94,48.9,52.4,15.00,44.5987,11.6561
0.00,30.95,18.37,7.07,2.79,4.56,-18.36,-12.06,-3.20,12.36,-0.05,0.00,7.70,1,0,1,447.24,0,1011.92,49.0,52.5,15.00,44.5987,11.6561
0.00,7.85,28.29,8.23,4.48,1.29,-199.73,-6.77,-34.35,11.56,-0.05,0.00,7.67,1,0,1,448.25,0,1012.00,49.0,52.5,15.00,44.5987,11.6561
0.00,9.31,64.97,3.74,8.66,1.55,-1.45,-38.53,-82.57,11.61,-0.05,0.00,7.74,1,0,1,449.25,0,1012.00,49.0,52.5,15.00,44.5987,11.6561
0.00,24.61,64.07,-1.83,12.38,5.73,43.00,-6.79,-19.04,11.31,-0.05,0.00,7.73,1,0,1,450.25,0,1012.03,49.0,52.5,15.00,44.5987,11.6561
0.00,41.03,48.36,-1.16,8.45,7.42,-1.23,-2.24,-6.69,11.27,-0.05,0.00,7.67,1,0,1,451.25,0,1012.03,49.1,52.6,15.00,44.5987,11.6562
0.00,38.37,51.18,-0.77,6.88,5.48,-19.55,66.08,42.84,12.09,-0.05,0.00,7.70,1,0,1,452.25,0,1011.95,49.1,52.6,15.00,44.5987,11.6562
0.00,40.07,48.70,1.45,7.52,6.45,-54.42,2.94,-37.71,11.42,-0.05,0.00,7.69,1,0,1,453.26,0,1012.02,49.1,52.6,15.00,44.5988,11.6562
0.00,65.94,21.11,-1.87,3.53,8.95,-43.96,44.89,-5.36,11.13,-0.05,0.00,7.73,1,0,1,484.33,0,1012.05,49.8,53.1,14.00,44.5988,11.6562
0.00,67.18,-22.05,1.01,-3.92,9.62,1.42,-47.78,-8.98,11.73,-0.05,0.00,7.67,1,0,1,485.33,0,1011.99,49.8,53.1,14.00,44.5988,11.6562
0.00,28.51,48.66,5.72,9.40,5.98,9.12,-18.11,-25.11,12.09,-0.05,0.00,7.73,1,0,1,486.33,0,1011.95,49.7,53.1,14.00,44.5988,11.6562
0.00,33.05,36.51,6.03,6.08,5.57,-24.83,11.62,-9.14,12.16,-0.05,0.00,7.73,1,0,1,487.34,0,1011.94,49.8,53.2,14.00,44.5988,11.6562
0.00,59.96,21.82,3.27,3.62,8.44,-19.06,13.65,-11.04,12.76,-0.05,0.00,7.65,1,0,1,488.34,0,1011.88,49.7,53.2,14.00,44.5988,11.6562
0.00,60.02,22.94,3.21,4.00,8.89,10.50,0.26,1.68,13.18,-0.05,0.00,7.67,1,0,1,489.34,0,1011.83,49.8,53.2,14.00,44.5988,11.6562
0.00,69.87,9.97,3.14,1.83,9.91,-14.44,0.56,-3.15,13.33,-0.05,0.00,7.70,1,0,1,490.34,0,1011.82,49.8,53.2,14.00,44.5988,11.6562
0.00,60.67,25.35,2.26,4.07,8.29,11.44,0.44,0.40,12.28,-0.05,0.00,7.73,1,0,1,491.34,0,1011.93,49.8,53.2,14.00,44.5988,11.6562
0.00,56.48,29.01,2.90,5.32,9.14,16.92,-4.97,3.99,13.30,-0.05,0.00,7.74,1,0,1,492.34,0,1011.82,49.8,53.2,14.00,44.5988,11.6562
0.00,58.33,16.38,4.45,2.83,8.55,-31.24,-9.78,1.63,13.24,-0.05,0.00,7.73,1,0,1,493.34,0,1011.83,49.8,53.3,14.00,44.5988,11.6562
0.00,45.28,15.98,6.83,2.90,7.50,24.22,-7.72,0.17,13.10,-0.05,0.00,7.64,1,0,1,494.35,0,1011.84,49.8,53.2,14.00,44.5988,11.6562
0.00,45.44,18.51,6.25,3.17,7.11,9.80,-6.95,3.22,12.92,-0.05,0.00,7.68,1,0,1,495.35,0,1011.86,49.8,53.2,14.00,44.5988,11.6562
0.00,48.05,23.64,5.73,4.30,7.97,-19.95,-4.45,-0.73,13.59,-0.05,0.00,7.75,1,0,1,496.35,0,1011.79,49.8,53.2,14.00,44.5988,11.6562
0.00,29.56,9.98,8.19,1.67,4.74,-21.28,-22.01,10.34,13.74,-0.05,0.00,7.70,1,0,1,497.36,0,1011.77,49.7,53.2,14.00,44.5988,11.6562
0.00,9.86,2.17,8.83,0.34,1.54,11.92,-18.51,5.74,13.50,-0.05,0.00,7.73,1,0,1,498.36,0,1011.80,49.7,53.2,14.00,44.5988,11.6562
0.00,-0.48,-4.52,9.74,-0.77,-0.08,-1.17,-2.45,4.30,14.69,-0.05,0.00,7.69,1,0,1,499.37,0,1011.67,49.7,53.2,14.00,44.5988,11.6562
0.00,6.90,2.29,9.88,0.40,1.20,2.22,-0.51,0.63,13.40,-0.05,0.00,7.69,1,0,1,500.37,0,1011.81,49.7,53.2,14.00,44.5988,11.6562
0.00,6.81,1.54,10.05,0.27,1.20,9.75,-0.79,1.45,12.19,-0.05,0.00,7.67,1,0,1,501.37,0,1011.94,49.7,53.2,14.00,44.5988,11.6562
0.00,7.19,0.75,9.82,0.13,1.24,-5.95,-2.36,0.45,12.67,-0.05,0.00,7.75,1,0,1,502.38,0,1011.89,49.7,53.2,14.00,44.5988,11.6562
0.00,5.67,1.32,9.93,0.23,0.99,-8.38,-1.96,0.07,12.38,-0.05,0.00,7.73,1,0,1,503.38,0,1011.92,49.7,53.2,15.00,44.5988,11.6562
0.00,6.44,0.14,9.88,0.02,1.12,-5.58,-1.89,0.10,12.68,-0.05,0.00,7.68,1,0,1,504.38,0,1011.89,49.7,53.2,15.00,44.5988,11.6562
0.00,6.82,-0.19,9.88,-0.03,1.18,6.33,-0.79,1.31,13.49,-0.04,0.00,7.73,1,0,1,505.39,0,1011.80,49.8,53.2,15.00,44.5988,11.6562
0.00,6.75,1.02,9.86,0.18,1.17,2.07,-1.86,0.52,12.89,-0.04,0.00,7.64,1,0,1,506.39,0,1011.86,49.7,53.2,15.00,44.5988,11.6562
0.00,7.13,0.33,9.87,0.06,1.23,0.35,-1.72,0.47,13.21,-0.04,0.00,7.73,1,0,1,507.39,0,1011.83,49.7,53.2,15.00,44.5988,11.6562
0.00,6.65,0.50,9.85,0.09,1.15,1.37,-1.28,0.60,13.32,-0.04,0.00,7.69,1,0,1,508.39,0,1011.82,49.8,53.2,15.00,44.5988,11.6562
0.00,6.74,0.47,9.88,0.08,1.17,0.72,-1.66,0.49,13.74,-0.04,0.00,7.73,1,0,1,509.40,0,1011.77,49.8,53.2,14.00,44.5988,11.6562
0.00,6.93,0.33,9.88,0.06,1.20,0.75,-1.77,0.49,13.55,-0.04,0.00,7.72,1,0,1,510.40,0,1011.79,49.8,53.3,14.00,44.5988,11.6562
0.00,6.74,0.36,9.84,0.06,1.16,0.96,-1.49,0.58,13.66,-0.05,0.00,7.69,1,0,1,511.40,0,1011.78,49.8,53.3,15.00,44.5988,11.6562
0.00,6.71,0.94,9.84,0.16,1.16,2.68,-1.72,0.75,13.57,-0.05,0.00,7.69,1,0,1,512.40,0,1011.79,49.8,53.3,15.00,44.5988,11.6562
0.00,7.00,0.60,9.91,0.11,1.22,-0.93,-1.63,0.21,12.98,-0.04,0.00,7.68,1,0,1,513.41,0,1011.85,49.8,53.3,15.00,44.5988,11.6562
0.00,7.41,0.11,9.87,0.02,1.28,5.65,-2.08,1.09,13.58,-0.04,0.00,7.65,1,0,1,514.41,0,1011.79,49.8,53.3,15.00,44.5988,11.6562
0.00,4.44,-0.61,9.92,-0.11,0.77,-1.80,-1.65,0.47,13.00,-0.05,0.00,7.73,1,0,1,515.41,0,1011.85,49.8,53.3,15.00,44.5988,11.6562
0.00,6.02,-0.30,9.89,-0.05,1.04,1.38,-1.37,0.38,13.01,-0.05,0.00,7.67,1,0,1,516.42,0,1011.85,49.8,53.3,15.00,44.5988,11.6562
0.00,5.38,0.33,9.90,0.06,0.93,2.17,-1.23,0.33,12.92,-0.05,0.00,7.65,1,0,1,517.42,0,1011.86,49.8,53.3,15.00,44.5988,11.6562
0.00,6.84,-0.08,9.89,-0.01,1.19,-1.58,-1.33,0.26,13.14,-0.05,0.00,7.73,1,0,1,518.42,0,1011.84,49.8,53.3,15.00,44.5988,11.6562
0.00,6.24,0.22,9.89,0.04,1.08,0.05,-1.79,0.47,12.97,-0.05,0.00,7.75,1,0,1,519.43,0,1011.86,49.8,53.3,15.00,44.5988,11.6562
0.00,6.59,0.03,9.86,0.00,1.14,1.28,-1.56,0.45,13.26,-0.05,0.00,7.73,1,0,1,520.43,0,1011.82,49.8,53.3,15.00,44.5988,11.6562
0.00,6.54,0.52,9.89,0.09,1.13,1.87,-1.49,0.68,13.46,-0.05,0.00,7.65,1,0,1,521.43,0,1011.80,49.8,53.3,14.00,44.5988,11.6562
0.00,6.64,-0.28,9.86,-0.05,1.15,-1.68,-1.84,0.37,12.77,-0.05,0.00,7.68,1,0,1,522.44,0,1011.88,49.9,53.3,14.00,44.5988,11.6562
0.00,6.46,-0.25,9.89,-0.04,1.12,-7.51,-2.22,0.38,12.89,-0.05,0.00,7.68,1,0,1,523.44,0,1011.86,49.8,53.3,14.00,44.5988,11.6562
0.00,4.05,-0.34,9.52,-0.06,0.67,-3.45,-3.26,0.96,12.89,-0.05,0.00,7.70,1,0,1,524.44,0,1011.86,49.8,53.3,14.00,44.5988,11.6562
0.00,7.46,-0.05,9.90,-0.01,1.30,-0.49,-1.47,1.07,12.71,-0.04,0.00,7.72,1,0,1,525.45,0,1011.88,49.9,53.3,15.00,44.5988,11.6562
0.00,5.84,0.36,9.92,0.06,1.01,7.21,-0.88,0.61,12.72,-0.04,0.00,7.69,1,0,1,526.45,0,1011.88,49.9,53.4,15.00,44.5988,11.6562
0.00,6.89,0.14,9.90,0.02,1.20,-19.13,-1.86,-1.84,13.32,-0.04,0.00,7.73,1,0,1,527.45,0,1011.82,49.9,53.4,15.00,44.5988,11.6562
0.00,7.18,0.47,9.92,0.08,1.25,-10.38,-1.70,-0.51,13.14,-0.04,0.00,7.67,1,0,1,528.45,0,1011.84,49.9,53.4,15.00,44.5988,11.6562
0.00,6.87,0.69,9.89,0.12,1.19,-1.38,-1.45,0.00,13.98,-0.04,0.00,7.64,1,0,1,529.45,0,1011.75,49.9,53.4,14.00,44.5988,11.6562
0.00,5.84,0.17,9.91,0.03,1.01,2.38,-1.73,0.63,13.17,-0.04,0.00,7.70,1,0,1,530.46,0,1011.83,49.9,53.4,14.00,44.5988,11.6562
0.00,4.96,-0.03,9.87,-0.00,0.86,7.11,-1.87,0.86,12.59,-0.04,0.00,7.69,1,0,1,531.46,0,1011.90,49.8,53.4,15.00,44.5988,11.6562
0.00,6.57,-1.87,9.88,-0.33,1.14,5.74,-1.28,0.96,13.00,-0.04,0.00,7.73,1,0,1,532.46,0,1011.85,49.9,53.4,15.00,44.5988,11.6562
0.00,6.02,0.69,9.89,0.12,1.04,1.47,-1.72,4.46,13.44,-0.04,0.00,7.70,1,0,1,533.46,0,1011.81,49.9,53.4,15.00,44.5988,11.6562
0.00,5.82,1.40,10.14,0.25,1.03,-1.31,-0.40,0.70,13.62,-0.04,0.00,7.73,1,0,1,534.46,0,1011.79,50.0,53.4,15.00,44.5988,11.6562
0.00,5.08,1.35,9.90,0.23,0.88,0.49,-2.35,0.56,13.16,-0.04,0.00,7.73,1,0,1,535.46,0,1011.84,49.9,53.4,15.00,44.5988,11.6562
0.00,6.15,2.10,9.98,0.37,1.08,7.91,-2.20,0.77,13.76,-0.04,0.00,7.72,1,0,1,536.46,0,1011.77,50.0,53.4,15.00,44.5988,11.6562
0.00,5.60,0.57,10.01,0.10,0.98,0.80,-1.00,1.00,12.37,-0.04,0.00,7.77,1,0,1,537.46,0,1011.92,50.0,53.4,15.00,44.5988,11.6562
0.00,5.96,0.64,9.85,0.11,1.03,-1.28,-1.65,-0.49,13.50,-0.04,0.00,7.67,1,0,1,538.47,0,1011.80,50.0,53.5,15.00,44.5988,11.6562
0.00,5.45,1.35,9.94,0.23,0.95,0.61,-2.45,1.03,13.10,-0.04,0.00,7.69,1,0,1,539.47,0,1011.84,50.0,53.5,15.00,44.5988,11.6562
0.00,4.70,2.62,9.89,0.45,0.81,-0.44,-2.01,1.21,13.61,-0.04,0.00,7.73,1,0,1,540.47,0,1011.79,49.9,53.5,15.00,44.5988,11.6562
0.00,5.47,0.63,9.90,0.11,0.95,-0.65,-1.65,-0.05,13.15,-0.04,0.00,7.67,1,0,1,541.47,0,1011.84,50.0,53.5,15.00,44.5988,11.6562
0.00,5.96,0.30,9.90,0.05,1.03,13.35,-1.77,2.12,13.36,-0.04,0.00,7.68,1,0,1,542.47,0,1011.81,50.0,53.5,15.00,44.5988,11.6562
0.00,6.19,0.94,9.88,0.16,1.07,1.98,-1.49,0.75,13.58,-0.04,0.00,7.69,1,0,1,543.48,0,1011.79,50.0,53.5,15.00,44.5988,11.6562
0.00,6.49,0.36,9.89,0.06,1.12,-0.14,-1.91,0.33,13.30,-0.04,0.00,7.68,1,0,1,544.48,0,1011.82,50.0,53.5,15.00,44.5988,11.6562
0.00,6.61,0.22,9.91,0.04,1.15,2.62,-1.45,0.65,12.62,-0.04,0.00,7.67,1,0,1,545.48,0,1011.89,50.1,53.5,15.00,44.5988,11.6562
0.00,6.50,0.28,9.86,0.05,1.12,0.93,-1.61,0.56,13.83,-0.04,0.00,7.67,1,0,1,546.49,0,1011.77,50.0,53.5,15.00,44.5988,11.6562
0.00,6.49,0.30,9.89,0.05,1.12,0.16,-1.65,0.44,13.46,-0.04,0.00,7.73,1,0,1,547.49,0,1011.80,50.0,53.5,15.00,44.5988,11.6562
0.00,5.94,0.41,9.89,0.07,1.03,1.49,-1.94,0.60,13.66,-0.04,0.00,7.72,1,0,1,548.49,0,1011.78,50.0,53.5,15.00,44.5988,11.6562
0.00,7.00,-2.66,9.81,-0.46,1.21,1.84,-1.66,1.42,12.60,-0.04,0.00,7.72,1,0,1,549.50,0,1011.90,50.0,53.6,15.00,44.5988,11.6562
0.00,6.13,0.39,9.89,0.07,1.06,0.38,-1.96,0.45,13.71,-0.04,0.00,7.69,1,0,1,550.50,0,1011.78,50.0,53.6,15.00,44.5988,11.6562
0.00,6.12,0.22,9.91,0.04,1.06,0.00,-1.65,0.44,13.43,-0.04,0.00,7.68,1,0,1,551.50,0,1011.81,50.1,53.6,15.00,44.5988,11.6562
0.00,6.24,0.39,9.89,0.07,1.08,0.42,-1.68,0.58,12.96,-0.04,0.00,7.69,1,0,1,552.51,0,1011.86,50.1,53.6,15.00,44.5988,11.6562
0.00,6.07,0.30,9.90,0.05,1.05,2.68,-1.68,0.68,13.57,-0.04,0.00,7.70,1,0,1,553.51,0,1011.79,50.1,53.6,15.00,44.5988,11.6562
0.00,6.45,0.33,9.86,0.06,1.12,0.09,-1.72,0.54,13.17,-0.04,0.00,7.69,1,0,1,554.52,0,1011.84,50.1,53.6,15.00,44.5988,11.6562
0.00,6.79,0.39,9.89,0.07,1.18,1.79,-1.65,0.61,12.60,-0.04,0.00,7.74,1,0,1,555.52,0,1011.90,50.1,53.6,14.00,44.5988,11.6562
0.00,5.89,0.94,9.88,0.16,1.02,0.23,-1.79,0.28,13.42,-0.04,0.00,7.64,1,0,1,556.52,0,1011.81,50.1,53.6,14.00,44.5988,11.6562
0.00,6.96,2.87,9.87,0.50,1.21,-1.98,-1.75,-0.38,13.75,-0.04,0.00,7.73,1,0,1,557.52,0,1011.77,50.1,53.6,15.00,44.5988,11.6562
0.00,5.97,0.41,9.93,0.07,1.04,-0.19,-1.42,0.60,13.56,-0.04,0.00,7.73,1,0,1,558.52,0,1011.79,50.1,53.7,15.00,44.5988,11.6562
0.00,6.41,0.25,9.88,0.04,1.11,-17.20,-1.84,-0.82,13.78,-0.04,0.00,7.65,1,0,1,559.52,0,1011.77,50.1,53.7,15.00,44.5988,11.6562
0.00,6.36,0.28,9.88,0.05,1.10,-13.02,-1.75,-0.38,13.30,-0.04,0.00,7.69,1,0,1,560.52,0,1011.82,50.1,53.7,15.00,44.5988,11.6562
0.00,5.83,0.55,9.89,0.10,1.01,3.10,-1.68,0.88,13.30,-0.04,0.00,7.70,1,0,1,561.52,0,1011.82,50.1,53.7,15.00,44.5988,11.6562
0.00,6.00,0.83,9.88,0.14,1.04,1.44,-1.72,0.68,13.12,-0.04,0.00,7.70,1,0,1,562.52,0,1011.84,50.2,53.7,15.00,44.5988,11.6562
0.00,6.51,0.63,9.90,0.11,1.13,0.23,-1.65,0.58,13.55,-0.04,0.00,7.67,1,0,1,563.53,0,1011.80,50.2,53.7,15.00,44.5988,11.6562
0.00,6.35,0.39,9.89,0.07,1.10,0.45,-1.75,0.58,13.46,-0.04,0.00,7.70,1,0,1,564.53,0,1011.81,50.1,53.7,15.00,44.5988,11.6562
0.00,6.57,0.55,9.89,0.10,1.14,0.77,-1.56,0.54,13.18,-0.04,0.00,7.73,1,0,1,565.54,0,1011.84,50.2,53.7,15.00,44.5988,11.6562
0.00,6.50,0.39,9.88,0.07,1.12,0.75,-1.65,0.54,13.51,-0.04,0.00,7.73,1,0,1,566.54,0,1011.80,50.2,53.7,15.00,44.5988,11.6562
0.00,6.42,0.50,9.87,0.09,1.11,0.91,-1.66,0.52,13.43,-0.04,0.00,7.67,1,0,1,567.54,0,1011.81,50.2,53.7,15.00,44.5988,11.6562
0.00,6.34,0.36,9.90,0.06,1.10,0.70,-1.65,0.56,12.82,-0.04,0.00,7.65,1,0,1,568.55,0,1011.87,50.2,53.7,15.00,44.5988,11.6562
0.00,6.33,0.39,9.88,0.07,1.10,0.80,-1.56,0.58,13.56,-0.04,0.00,7.68,1,0,1,569.55,0,1011.80,50.3,53.8,15.00,44.5988,11.6562
0.00,6.46,0.47,9.89,0.08,1.12,0.68,-1.63,0.60,14.07,-0.04,0.00,7.68,1,0,1,570.55,0,1011.74,50.2,53.8,15.00,44.5988,11.6562
0.00,6.49,0.30,9.89,0.05,1.12,0.63,-1.65,0.49,13.27,-0.04,0.00,7.75,1,0,1,571.55,0,1011.82,50.2,53.8,15.00,44.5988,11.6562
0.00,6.38,0.33,9.89,0.06,1.11,0.73,-1.58,0.58,13.60,-0.04,0.00,7.72,1,0,1,572.55,0,1011.79,50.3,53.8,15.00,44.5988,11.6562
0.00,6.52,0.39,9.88,0.07,1.13,0.65,-1.56,0.56,13.71,-0.04,0.00,7.70,1,0,1,573.55,0,1011.78,50.3,53.8,15.00,44.5988,11.6562
0.00,6.40,0.61,9.81,0.11,1.10,5.09,-1.84,0.68,14.33,-0.04,0.00,7.73,1,0,1,574.56,0,1011.71,50.3,53.8,15.00,44.5988,11.6562
0.00,6.22,0.19,9.87,0.03,1.08,-3.87,-1.40,0.33,13.23,-0.04,0.00,7.67,1,0,1,575.56,0,1011.83,50.3,53.8,15.00,44.5988,11.6562
0.00,6.42,0.39,9.87,0.07,1.11,0.47,-1.59,0.42,13.75,-0.04,0.00,7.73,1,0,1,576.56,0,1011.78,50.3,53.8,15.00,44.5988,11.6562
0.00,6.58,-0.11,9.92,-0.02,1.14,1.19,-1.50,0.61,13.95,-0.04,0.00,7.65,1,0,1,577.57,0,1011.75,50.3,53.8,15.00,44.5988,11.6562
0.00,6.29,0.30,9.86,0.05,1.09,-0.40,-1.72,0.33,14.07,-0.04,0.00,7.73,1,0,1,578.58,0,1011.74,50.3,53.8,15.00,44.5988,11.6562
0.00,5.23,1.96,9.72,0.33,0.89,22.78,-1.38,1.82,13.38,-0.04,0.00,7.73,1,0,1,579.58,0,1011.81,50.3,53.8,15.00,44.5988,11.6562
0.00,4.98,-0.14,9.78,-0.02,0.85,-8.75,-2.36,-0.12,13.98,-0.04,0.00,7.65,1,0,1,580.59,0,1011.75,50.3,53.8,15.00,44.5988,11.6562
0.00,7.22,0.66,9.85,0.11,1.25,4.13,-1.65,0.86,12.99,-0.04,0.00,7.72,1,0,1,581.59,0,1011.86,50.3,53.8,14.00,44.5988,11.6562
0.00,6.24,0.52,9.89,0.09,1.08,1.10,-1.56,0.61,13.39,-0.04,0.00,7.69,1,0,1,582.60,0,1011.81,50.3,53.8,14.00,44.5988,11.6562
0.00,6.52,1.21,9.93,0.21,1.13,2.80,-1.65,0.68,13.41,-0.04,0.00,7.68,1,0,1,583.60,0,1011.81,50.3,53.8,15.00,44.5988,11.6562
0.00,6.07,0.77,9.90,0.13,1.05,15.28,-0.67,2.26,13.81,-0.04,0.00,7.73,1,0,1,584.61,0,1011.77,50.3,53.8,15.00,44.5988,11.6562
0.00,6.66,1.09,9.95,0.19,1.16,-14.47,-2.01,-0.35,13.81,-0.04,0.00,7.73,1,0,1,585.61,0,1011.77,50.3,53.8,15.00,44.5988,11.6562
0.00,6.29,0.36,9.89,0.06,1.09,-8.54,-1.66,-0.31,13.43,-0.04,0.00,7.67,1,0,1,586.62,0,1011.81,50.4,53.9,15.00,44.5988,11.6562
0.00,6.55,0.44,9.87,0.08,1.13,0.21,-1.73,0.49,13.44,-0.04,0.00,7.64,1,0,1,587.62,0,1011.81,50.3,53.9,15.00,44.5988,11.6562
0.00,6.31,0.63,9.91,0.11,1.10,0.40,-1.66,0.51,13.83,-0.04,0.00,7.73,1,0,1,588.63,0,1011.77,50.4,53.9,15.00,44.5988,11.6562
0.00,6.26,0.69,9.90,0.12,1.09,1.44,-1.54,0.65,13.35,-0.04,0.00,7.73,1,0,1,589.64,0,1011.82,50.4,53.9,15.00,44.5988,11.6562
0.00,6.56,0.52,9.90,0.09,1.14,1.17,-1.52,0.60,13.48,-0.04,0.00,7.70,1,0,1,590.64,0,1011.80,50.4,53.9,15.00,44.5988,11.6562
0.00,6.43,0.41,9.90,0.07,1.12,0.47,-1.72,0.52,13.48,-0.04,0.00,7.68,1,0,1,591.65,0,1011.80,50.4,53.9,15.00,44.5988,11.6562
0.00,6.22,0.99,9.92,0.17,1.08,1.07,-1.66,0.40,13.30,-0.04,0.00,7.73,1,0,1,592.65,0,1011.82,50.4,53.9,15.00,44.5988,11.6562
0.00,6.01,1.02,9.86,0.18,1.04,-0.82,-1.68,0.63,13.32,-0.04,0.00,7.75,1,0,1,593.66,0,1011.82,50.4,53.9,15.00,44.5988,11.6562
0.00,6.44,0.69,9.88,0.12,1.12,1.10,-1.56,0.58,13.03,-0.04,0.00,7.73,1,0,1,594.66,0,1011.85,50.4,53.9,15.00,44.5988,11.6562
0.00,6.55,0.50,9.88,0.09,1.13,1.72,-1.50,0.61,13.85,-0.04,0.00,7.73,1,0,1,595.67,0,1011.76,50.4,53.9,15.00,44.5988,11.6562
0.00,6.60,0.47,9.88,0.08,1.14,1.01,-1.59,0.52,13.97,-0.04,0.00,7.72,1,0,1,596.67,0,1011.75,50.4,53.9,15.00,44.5988,11.6562
0.00,6.40,0.39,9.90,0.07,1.11,0.33,-1.66,0.47,13.79,-0.04,0.00,7.74,1,0,1,597.68,0,1011.77,50.4,53.9,15.00,44.5988,11.6562
0.00,6.21,0.66,9.89,0.11,1.08,0.35,-1.59,0.45,13.81,-0.04,0.00,7.69,1,0,1,598.68,0,1011.77,50.4,54.0,15.00,44.5988,11.6562
0.00,6.31,0.61,9.87,0.11,1.09,1.21,-1.59,0.58,14.21,-0.04,0.00,7.73,1,0,1,599.69,0,1011.73,50.4,54.0,15.00,44.5988,11.6562
0.00,6.32,0.30,9.90,0.05,1.10,1.49,-1.58,0.60,13.14,-0.04,0.00,7.69,1,0,1,600.69,0,1011.84,50.4,54.0,15.00,44.5988,11.6562
0.00,6.30,0.44,9.89,0.08,1.09,0.40,-1.61,0.45,13.86,-0.04,0.00,7.74,1,0,1,602.71,0,1011.76,50.4,54.0,15.00,44.5988,11.6562
0.00,6.15,0.58,9.85,0.10,1.06,0.77,-1.52,0.61,14.08,-0.04,0.00,7.72,1,0,1,603.71,0,1011.74,50.4,54.0,15.00,44.5988,11.6562
0.00,6.42,0.30,9.92,0.05,1.12,1.03,-1.61,0.47,13.29,-0.04,0.00,7.73,1,0,1,604.72,0,1011.82,50.4,54.0,15.00,44.5988,11.6562
0.00,6.42,0.33,9.91,0.06,1.12,0.72,-1.61,0.49,13.51,-0.04,0.00,7.74,1,0,1,605.72,0,1011.80,50.4,54.0,15.00,44.5988,11.6562
0.00,6.38,0.50,9.89,0.09,1.11,0.54,-1.58,0.45,13.52,-0.04,0.00,7.73,1,0,1,606.73,0,1011.80,50.4,54.0,15.00,44.5988,11.6562
0.00,6.27,0.44,9.89,0.08,1.09,0.94,-1.59,0.61,12.73,-0.04,0.00,7.70,1,0,1,607.73,0,1011.88,50.4,54.0,15.00,44.5988,11.6562
0.00,6.28,0.36,9.87,0.06,1.09,0.94,-1.59,0.54,13.72,-0.04,0.00,7.68,1,0,1,608.74,0,1011.78,50.5,54.0,15.00,44.5988,11.6562
0.00,6.25,0.41,9.92,0.07,1.09,0.80,-1.65,0.52,13.35,-0.04,0.00,7.67,1,0,1,609.75,0,1011.82,50.4,54.0,15.00,44.5988,11.6562
0.00,6.43,0.44,9.90,0.08,1.12,0.63,-1.59,0.54,13.46,-0.04,0.00,7.64,1,0,1,610.75,0,1011.81,50.5,54.0,15.00,44.5988,11.6562
0.00,6.51,0.39,9.90,0.07,1.13,0.89,-1.58,0.56,13.98,-0.04,0.00,7.69,1,0,1,611.76,0,1011.75,50.5,54.0,15.00,44.5988,11.6562
0.00,6.27,0.33,9.89,0.06,1.09,0.73,-1.65,0.56,13.57,-0.04,0.00,7.73,1,0,1,612.76,0,1011.80,50.5,54.0,15.00,44.5988,11.6562
0.00,6.47,0.50,9.87,0.09,1.12,0.88,-1.66,0.51,13.00,-0.04,0.00,7.74,1,0,1,613.76,0,1011.86,50.4,54.1,15.00,44.5988,11.6562
0.00,6.39,0.55,9.88,0.10,1.11,0.84,-1.54,0.52,14.10,-0.04,0.00,7.73,1,0,1,614.76,0,1011.74,50.5,54.1,15.00,44.5988,11.6562
0.00,6.43,0.38,9.93,0.07,1.12,0.86,-1.59,0.56,13.81,-0.04,0.00,7.74,1,0,1,615.76,0,1011.77,50.5,54.1,15.00,44.5988,11.6562
0.00,6.40,0.41,9.90,0.07,1.11,0.58,-1.61,0.54,14.01,-0.04,0.00,7.70,1,0,1,616.77,0,1011.75,50.4,54.1,15.00,44.5988,11.6562
0.00,6.31,0.39,9.91,0.07,1.10,0.61,-1.56,0.54,14.21,-0.04,0.00,7.73,1,0,1,617.77,0,1011.73,50.5,54.1,15.00,44.5988,11.6562
0.00,6.39,0.58,9.88,0.10,1.11,0.84,-1.59,0.52,14.04,-0.04,0.00,7.73,1,0,1,618.77,0,1011.75,50.5,54.1,15.00,44.5988,11.6562
0.00,6.51,0.39,9.90,0.07,1.13,0.68,-1.59,0.49,13.82,-0.04,0.00,7.74,1,0,1,619.77,0,1011.77,50.5,54.1,15.00,44.5988,11.6562
0.00,6.36,0.39,9.87,0.07,1.10,0.52,-1.59,0.49,13.55,-0.04,0.00,7.73,1,0,1,620.77,0,1011.80,50.6,54.1,15.00,44.5988,11.6562
0.00,6.31,0.52,9.87,0.09,1.09,0.73,-1.66,0.56,13.34,-0.04,0.00,7.72,1,0,1,621.77,0,1011.82,50.5,54.1,15.00,44.5988,11.6562
0.00,6.22,0.39,9.87,0.07,1.08,0.82,-1.54,0.54,13.86,-0.04,0.00,7.67,1,0,1,622.77,0,1011.77,50.5,54.1,15.00,44.5988,11.6562
0.00,6.17,0.36,9.88,0.06,1.07,0.88,-1.58,0.58,13.76,-0.04,0.00,7.65,1,0,1,623.77,0,1011.78,50.5,54.1,15.00,44.5988,11.6562
0.00,6.25,0.47,9.87,0.08,1.08,0.68,-1.61,0.56,13.67,-0.04,0.00,7.69,1,0,1,624.77,0,1011.78,50.5,54.1,15.00,44.5988,11.6562
0.00,6.22,0.36,9.88,0.06,1.08,0.86,-1.63,0.47,14.07,-0.04,0.00,7.68,1,0,1,625.77,0,1011.74,50.5,54.1,15.00,44.5988,11.6562
0.00,7.41,0.39,9.86,0.07,1.28,2.89,-1.73,0.93,13.67,-0.04,0.00,7.73,1,0,1,626.77,0,1011.78,50.5,54.1,15.00,44.5988,11.6562
0.00,6.57,0.28,9.89,0.05,1.14,0.44,-1.68,0.44,13.91,-0.04,0.00,7.67,1,0,1,627.78,0,1011.76,50.5,54.1,15.00,44.5988,11.6562
0.00,6.27,0.27,9.93,0.05,1.09,-0.80,-1.56,0.35,13.89,-0.04,0.00,7.72,1,0,1,628.78,0,1011.76,50.5,54.1,15.00,44.5988,11.6562
0.00,6.27,0.08,9.89,0.01,1.09,0.49,-1.65,0.47,14.10,-0.04,0.00,7.73,1,0,1,629.78,0,1011.74,50.5,54.1,15.00,44.5988,11.6562
0.00,6.21,0.63,9.90,0.11,1.08,1.56,-1.50,0.65,14.21,-0.04,0.00,7.67,1,0,1,630.78,0,1011.73,50.5,54.1,15.00,44.5988,11.6562
0.00,6.29,0.61,9.86,0.11,1.09,1.23,-1.66,0.65,13.22,-0.04,0.00,7.65,1,0,1,631.78,0,1011.83,50.5,54.1,15.00,44.5988,11.6562
0.00,6.49,0.44,9.88,0.08,1.12,0.75,-1.63,0.58,13.72,-0.04,0.00,7.70,1,0,1,632.78,0,1011.78,50.5,54.1,15.00,44.5988,11.6562
0.00,9.71,2.82,9.78,0.49,1.67,1.40,0.04,0.07,13.54,-0.04,0.00,7.75,1,0,1,633.79,0,1011.80,50.6,54.1,15.00,44.5988,11.6562
0.00,6.54,0.28,9.89,0.05,1.13,1.45,-1.56,0.65,13.64,-0.04,0.00,7.74,1,0,1,634.79,0,1011.79,50.6,54.1,15.00,44.5988,11.6562
0.00,6.22,0.50,9.88,0.09,1.08,-0.23,-1.59,0.33,14.54,-0.04,0.00,7.73,1,0,1,635.79,0,1011.69,50.6,54.1,15.00,44.5988,11.6562
0.00,6.32,0.41,9.89,0.07,1.10,0.80,-1.61,0.52,13.85,-0.04,0.00,7.75,1,0,1,636.79,0,1011.77,50.5,54.1,15.00,44.5988,11.6562
0.00,6.43,0.33,9.90,0.06,1.12,0.70,-1.63,0.54,13.95,-0.04,0.00,7.73,1,0,1,637.79,0,1011.76,50.6,54.1,15.00,44.5988,11.6562
0.00,6.47,0.60,9.91,0.11,1.12,1.00,-1.58,0.60,14.17,-0.04,0.00,7.72,1,0,1,638.80,0,1011.73,50.6,54.1,15.00,44.5988,11.6562
0.00,6.45,0.41,9.87,0.07,1.12,2.10,-1.52,0.67,13.69,-0.04,0.00,7.73,1,0,1,639.80,0,1011.78,50.6,54.2,15.00,44.5988,11.6562
0.00,6.21,0.19,9.90,0.03,1.08,0.80,-1.63,0.60,13.78,-0.04,0.00,7.70,1,0,1,640.81,0,1011.77,50.6,54.2,15.00,44.5988,11.6562
0.00,6.18,0.33,9.89,0.06,1.07,0.16,-1.65,0.49,13.81,-0.04,0.00,7.69,1,0,1,641.81,0,1011.77,50.6,54.2,15.00,44.5988,11.6562
0.00,6.32,0.52,9.89,0.09,1.10,1.00,-1.63,0.54,13.81,-0.04,0.00,7.67,1,0,1,642.81,0,1011.77,50.7,54.2,15.00,44.5988,11.6562
0.00,6.20,0.47,9.91,0.08,1.08,1.15,-1.52,0.60,13.42,-0.04,0.00,7.72,1,0,1,643.82,0,1011.81,50.6,54.2,15.00,44.5988,11.6562
0.00,6.74,0.30,9.88,0.05,1.17,0.84,-1.63,0.54,14.22,-0.04,0.00,7.69,1,0,1,644.82,0,1011.73,50.7,54.2,15.00,44.5988,11.6562
0.00,6.40,0.47,9.89,0.08,1.11,0.63,-1.58,0.51,14.35,-0.04,0.00,7.72,1,0,1,645.82,0,1011.71,50.6,54.2,15.00,44.5988,11.6562
0.00,6.30,0.39,9.88,0.07,1.09,0.84,-1.52,0.60,13.84,-0.04,0.00,7.72,1,0,1,646.82,0,1011.77,50.6,54.2,15.00,44.5988,11.6562
0.00,6.43,0.33,9.89,0.06,1.12,1.01,-1.58,0.58,14.16,-0.03,0.00,7.73,1,0,1,647.82,0,1011.73,50.6,54.2,15.00,44.5988,11.6562
0.00,6.32,0.41,9.89,0.07,1.10,0.61,-1.58,0.51,14.18,-0.03,0.00,7.68,1,0,1,648.83,0,1011.73,50.6,54.2,15.00,44.5988,11.6562
0.00,6.43,0.47,9.89,0.08,1.12,0.68,-1.54,0.51,13.39,-0.03,0.00,7.70,1,0,1,649.83,0,1011.81,50.7,54.2,15.00,44.5988,11.6562
0.00,6.22,0.44,9.88,0.08,1.08,0.80,-1.59,0.47,13.70,-0.03,0.00,7.67,1,0,1,650.83,0,1011.78,50.6,54.2,15.00,44.5988,11.6562
0.00,6.60,0.52,9.89,0.09,1.14,0.65,-1.61,0.51,13.81,-0.03,0.00,7.65,1,0,1,651.83,0,1011.77,50.7,54.2,15.00,44.5988,11.6562
0.00,6.27,0.41,9.89,0.07,1.09,0.72,-1.52,0.56,13.13,-0.03,0.00,7.69,1,0,1,652.84,0,1011.84,50.6,54.2,15.00,44.5988,11.6562
0.00,6.38,0.41,9.89,0.07,1.11,0.86,-1.56,0.56,13.75,-0.03,0.00,7.67,1,0,1,653.84,0,1011.78,50.7,54.2,15.00,44.5988,11.6562
0.00,6.25,0.33,9.87,0.06,1.08,0.80,-1.56,0.47,13.57,-0.03,0.00,7.72,1,0,1,654.84,0,1011.80,50.7,54.3,15.00,44.5988,11.6562
0.00,6.32,0.25,9.90,0.04,1.10,0.77,-1.59,0.52,13.57,-0.03,0.00,7.74,1,0,1,655.85,0,1011.80,50.6,54.3,15.00,44.5988,11.6562
0.00,6.19,0.47,9.88,0.08,1.07,0.73,-1.61,0.49,13.38,-0.03,0.00,7.69,1,0,1,656.85,0,1011.82,50.7,54.3,15.00,44.5988,11.6562
0.00,6.17,0.41,9.91,0.07,1.07,0.63,-1.63,0.51,13.58,-0.03,0.00,7.70,1,0,1,657.85,0,1011.79,50.7,54.3,15.00,44.5988,11.6562
0.00,6.16,0.39,9.88,0.07,1.07,0.75,-1.61,0.51,14.81,-0.03,0.00,7.72,1,0,1,658.85,0,1011.67,50.6,54.3,15.00,44.5988,11.6562
0.00,6.40,0.22,9.90,0.04,1.11,0.79,-1.59,0.52,13.14,-0.03,0.00,7.72,1,0,1,659.85,0,1011.84,50.7,54.3,15.00,44.5988,11.6562
0.00,6.36,0.47,9.92,0.08,1.11,0.65,-1.58,0.49,13.25,-0.03,0.00,7.65,1,0,1,660.85,0,1011.83,50.7,54.3,15.00,44.5988,11.6562
0.00,6.12,0.25,9.87,0.04,1.06,0.82,-1.61,0.54,13.94,-0.03,0.00,7.72,1,0,1,661.86,0,1011.76,50.7,54.3,15.00,44.5988,11.6562
0.00,6.27,0.41,9.89,0.07,1.09,0.68,-1.58,0.52,13.56,-0.03,0.00,7.72,1,0,1,662.86,0,1011.80,50.7,54.3,15.00,44.5988,11.6562
0.00,6.24,0.33,9.90,0.06,1.08,0.77,-1.63,0.56,14.07,-0.03,0.00,7.69,1,0,1,663.86,0,1011.74,50.7,54.3,15.00,44.5988,11.6562
0.00,6.24,0.36,9.90,0.06,1.08,0.84,-1.47,0.51,13.50,-0.03,0.00,7.64,1,0,1,664.86,0,1011.80,50.7,54.3,15.00,44.5988,11.6562
0.00,6.52,0.39,9.88,0.07,1.13,0.65,-1.63,0.52,13.70,-0.03,0.00,7.69,1,0,1,665.87,0,1011.78,50.7,54.3,15.00,44.5988,11.6562
0.00,6.38,0.28,9.89,0.05,1.11,0.65,-1.65,0.51,13.41,-0.03,0.00,7.70,1,0,1,666.87,0,1011.81,50.8,54.3,15.00,44.5988,11.6562
0.00,6.35,0.33,9.89,0.06,1.10,0.79,-1.66,0.47,13.72,-0.03,0.00,7.68,1,0,1,667.87,0,1011.78,50.7,54.3,15.00,44.5988,11.6562
0.00,6.32,0.55,9.90,0.10,1.10,0.51,-1.54,0.47,14.14,-0.03,0.00,7.69,1,0,1,668.87,0,1011.74,50.7,54.3,15.00,44.5988,11.6562
0.00,6.28,0.27,9.91,0.05,1.09,0.65,-1.54,0.54,14.05,-0.03,0.00,7.70,1,0,1,669.87,0,1011.75,50.7,54.3,15.00,44.5988,11.6562
0.00,6.32,0.39,9.89,0.07,1.10,0.70,-1.54,0.52,13.26,-0.03,0.00,7.73,1,0,1,670.88,0,1011.83,50.7,54.4,15.00,44.5988,11.6562
0.00,6.22,0.47,9.88,0.08,1.08,0.84,-1.59,0.52,13.57,-0.03,0.00,7.69,1,0,1,671.88,0,1011.80,50.7,54.4,15.00,44.5988,11.6562
0.00,6.23,0.36,9.86,0.06,1.08,0.65,-1.58,0.47,12.98,-0.03,0.00,7.69,1,0,1,672.88,0,1011.86,50.8,54.4,15.00,44.5988,11.6562
0.00,6.48,0.41,9.86,0.07,1.12,0.84,-1.59,0.56,13.60,-0.03,0.00,7.73,1,0,1,673.89,0,1011.79,50.8,54.4,15.00,44.5988,11.6562
0.00,6.32,0.30,9.89,0.05,1.10,0.72,-1.56,0.52,14.21,-0.03,0.00,7.72,1,0,1,674.89,0,1011.73,50.8,54.4,15.00,44.5988,11.6562
0.00,6.48,0.52,9.90,0.09,1.12,0.67,-1.58,0.49,14.13,-0.03,0.00,7.69,1,0,1,675.89,0,1011.74,50.8,54.4,15.00,44.5988,11.6562
0.00,6.36,0.30,9.88,0.05,1.10,0.84,-1.59,0.47,13.43,-0.03,0.00,7.72,1,0,1,676.89,0,1011.81,50.8,54.4,15.00,44.5988,11.6562
0.00,6.34,0.33,9.86,0.06,1.10,0.77,-1.54,0.56,14.15,-0.03,0.00,7.72,1,0,1,677.89,0,1011.74,50.8,54.4,15.00,44.5988,11.6562
0.00,6.27,0.47,9.89,0.08,1.09,0.67,-1.63,0.56,13.56,-0.03,0.00,7.70,1,0,1,678.89,0,1011.80,50.8,54.4,15.00,44.5988,11.6562
0.00,6.40,0.39,9.89,0.07,1.11,0.79,-1.59,0.49,13.98,-0.03,0.00,7.72,1,0,1,679.89,0,1011.75,50.8,54.4,15.00,44.5988,11.6562
0.00,6.26,0.30,9.90,0.05,1.09,0.82,-1.59,0.47,14.18,-0.03,0.00,7.65,1,0,1,680.89,0,1011.73,50.8,54.4,15.00,44.5988,11.6562
0.00,6.37,0.41,9.91,0.07,1.11,0.72,-1.68,0.51,13.50,-0.03,0.00,7.68,1,0,1,681.90,0,1011.80,50.8,54.4,15.00,44.5988,11.6562
0.00,6.24,0.52,9.89,0.09,1.08,0.58,-1.54,0.56,13.50,-0.03,0.00,7.68,1,0,1,682.90,0,1011.80,50.8,54.4,15.00,44.5988,11.6562
0.00,6.30,0.39,9.88,0.07,1.09,0.70,-1.56,0.52,13.70,-0.03,0.00,7.68,1,0,1,683.90,0,1011.78,50.8,54.4,15.00,44.5988,11.6562
0.00,6.29,0.44,9.90,0.08,1.09,0.77,-1.56,0.54,14.12,-0.03,0.00,7.70,1,0,1,684.90,0,1011.74,50.8,54.4,15.00,44.5988,11.6562
0.00,6.19,0.50,9.88,0.09,1.07,0.73,-1.59,0.52,13.94,-0.03,0.00,7.65,1,0,1,685.91,0,1011.76,50.8,54.4,15.00,44.5988,11.6562
0.00,6.37,0.41,9.90,0.07,1.11,0.79,-1.63,0.47,13.75,-0.03,0.00,7.72,1,0,1,686.91,0,1011.78,50.8,54.5,15.00,44.5988,11.6562
0.00,6.41,0.58,9.89,0.10,1.11,0.80,-1.58,0.51,13.35,-0.03,0.00,7.72,1,0,1,687.91,0,1011.82,50.8,54.5,15.00,44.5988,11.6562
0.00,6.28,0.47,9.87,0.08,1.09,0.72,-1.59,0.51,13.96,-0.03,0.00,7.72,1,0,1,688.91,0,1011.76,50.8,54.5,15.00,44.5988,11.6562
0.00,6.21,0.41,9.89,0.07,1.08,0.75,-1.59,0.47,14.78,-0.03,0.00,7.72,1,0,1,689.91,0,1011.67,50.8,54.5,15.00,44.5988,11.6562
0.00,6.31,0.33,9.87,0.06,1.09,0.72,-1.59,0.49,13.00,-0.03,0.00,7.68,1,0,1,690.91,0,1011.86,50.8,54.5,15.00,44.5988,11.6562
0.00,6.15,0.36,9.91,0.06,1.07,0.25,-1.65,0.49,13.60,-0.03,0.00,7.72,1,0,1,691.92,0,1011.79,50.8,54.5,15.00,44.5988,11.6562
0.00,5.05,2.27,176.69,4.18,15.30,-197.85,-19.64,-18.27,40.80,-0.03,0.00,7.73,1,0,1,692.92,0,1008.93,50.7,54.3,15.00,44.5988,11.6562
0.00,-11.87,-6.04,-11.91,-1.29,-2.52,-234.64,-7.32,-39.80,171.92,-0.03,0.00,7.72,1,0,1,693.92,0,995.24,50.7,54.3,14.00,44.5988,11.6562
0.00,-2.37,-9.42,-9.13,-1.52,-0.38,-206.24,12.30,-28.73,298.68,-0.03,0.00,7.68,1,0,1,694.92,0,982.24,50.8,54.4,14.00,44.5988,11.6562
0.00,-17.89,-2.10,-7.47,-0.29,-2.41,-176.66,-0.77,-28.39,434.99,-0.03,0.00,7.74,1,0,1,695.92,0,968.47,50.9,54.5,14.00,44.5988,11.6562
0.00,-25.72,-6.40,-5.25,-0.66,-2.55,-154.75,-1.86,-21.66,556.80,-0.03,0.00,7.75,1,0,1,696.92,0,956.37,50.9,54.5,14.00,44.5988,11.6562
0.00,-10.75,-12.82,-3.76,-0.87,-0.73,-130.80,-5.79,-23.59,665.59,-0.03,0.00,7.67,1,0,1,697.93,0,945.71,50.9,54.5,4.00,44.5992,11.6555
0.00,-13.78,-5.74,-2.78,-0.29,-0.68,-110.53,-3.10,-14.42,759.84,-0.03,0.00,7.74,1,0,1,698.93,0,936.59,50.9,54.5,4.00,44.5992,11.6555
0.00,-41.50,2.67,10.27,0.64,-9.11,-573.37,26.55,118.75,449.09,8.90,0.00,7.68,1,0,1,764.06,0,964.03,31.2,33.7,14.00,44.6011,11.6554
0.00,-40.01,-0.01,14.34,-0.00,-12.04,-573.37,105.37,-128.71,438.22,8.90,0.00,7.70,1,0,1,765.06,0,965.18,31.2,33.6,14.00,44.6011,11.6554
0.00,-37.29,-3.79,14.02,-1.17,-10.71,-573.37,-313.58,22.38,429.93,9.38,0.00,7.69,1,0,1,766.06,0,966.05,31.1,33.5,15.00,44.6018,11.6563
0.00,-44.39,7.10,7.71,1.35,-7.67,-573.37,115.59,279.60,395.76,8.94,0.00,7.70,1,0,1,770.07,0,969.67,31.0,33.3,14.00,44.6018,11.656464
0.00,-42.20,6.37,10.49,1.59,-9.62,-573.37,88.55,102.01,292.84,7.89,0.00,7.74,1,0,1,781.09,0,980.75,30.7,33.0,15.00,44.6017,11.6560
0.00,-36.42,-1.46,13.47,-0.43,-9.94,-573.37,-48.60,-5.23,147.92,4.07,0.00,7.69,1,0,1,797.12,0,996.67,30.8,33.0,15.00,44.6020,11.6560
0.00,-41.58,3.25,10.02,0.76,-8.91,-573.37,32.06,80.31,72.85,3.29,0.00,7.64,1,0,1,806.14,0,1005.04,31.0,33.2,15.00,44.6020,11.6561
